onset	duration	trial_type	value	sample
28.884	n/a	NonTarget	1	7221
29.06	n/a	NonTarget	1	7265
29.236	n/a	NonTarget	1	7309
29.408	n/a	NonTarget	1	7352
29.584	n/a	Target	2	7396
29.76	n/a	NonTarget	1	7440
29.936	n/a	NonTarget	1	7484
30.108	n/a	NonTarget	1	7527
30.284	n/a	Target	2	7571
30.46	n/a	NonTarget	1	7615
30.636	n/a	NonTarget	1	7659
30.812	n/a	NonTarget	1	7703
30.984	n/a	NonTarget	1	7746
31.16	n/a	NonTarget	1	7790
31.336	n/a	Target	2	7834
31.528	n/a	NonTarget	1	7882
31.688	n/a	NonTarget	1	7922
31.86	n/a	NonTarget	1	7965
32.044	n/a	NonTarget	1	8011
32.212	n/a	NonTarget	1	8053
32.384	n/a	NonTarget	1	8096
32.568	n/a	NonTarget	1	8142
32.736	n/a	NonTarget	1	8184
32.912	n/a	Target	2	8228
33.088	n/a	NonTarget	1	8272
33.26	n/a	NonTarget	1	8315
33.436	n/a	NonTarget	1	8359
33.612	n/a	Target	2	8403
33.784	n/a	NonTarget	1	8446
33.964	n/a	NonTarget	1	8491
34.136	n/a	NonTarget	1	8534
34.312	n/a	NonTarget	1	8578
34.484	n/a	NonTarget	1	8621
34.66	n/a	NonTarget	1	8665
34.836	n/a	NonTarget	1	8709
35.012	n/a	Target	2	8753
35.184	n/a	NonTarget	1	8796
35.36	n/a	NonTarget	1	8840
35.536	n/a	NonTarget	1	8884
35.716	n/a	NonTarget	1	8929
35.884	n/a	NonTarget	1	8971
36.06	n/a	Target	2	9015
36.236	n/a	NonTarget	1	9059
36.412	n/a	NonTarget	1	9103
36.584	n/a	NonTarget	1	9146
36.76	n/a	NonTarget	1	9190
36.936	n/a	NonTarget	1	9234
37.112	n/a	Target	2	9278
37.292	n/a	NonTarget	1	9323
37.46	n/a	NonTarget	1	9365
37.636	n/a	Target	2	9409
37.812	n/a	NonTarget	1	9453
37.984	n/a	NonTarget	1	9496
38.164	n/a	NonTarget	1	9541
38.336	n/a	NonTarget	1	9584
38.52	n/a	NonTarget	1	9630
38.688	n/a	NonTarget	1	9672
38.86	n/a	Target	2	9715
39.04	n/a	NonTarget	1	9760
39.212	n/a	NonTarget	1	9803
39.384	n/a	NonTarget	1	9846
39.56	n/a	NonTarget	1	9890
39.736	n/a	NonTarget	1	9934
39.912	n/a	NonTarget	1	9978
40.084	n/a	NonTarget	1	10021
40.272	n/a	Target	2	10068
40.44	n/a	NonTarget	1	10110
40.616	n/a	NonTarget	1	10154
40.784	n/a	NonTarget	1	10196
40.96	n/a	Target	2	10240
41.136	n/a	NonTarget	1	10284
41.312	n/a	NonTarget	1	10328
41.484	n/a	NonTarget	1	10371
41.66	n/a	NonTarget	1	10415
41.836	n/a	NonTarget	1	10459
42.008	n/a	NonTarget	1	10502
42.184	n/a	Target	2	10546
42.372	n/a	NonTarget	1	10593
42.536	n/a	NonTarget	1	10634
42.712	n/a	NonTarget	1	10678
42.884	n/a	NonTarget	1	10721
43.06	n/a	NonTarget	1	10765
43.236	n/a	Target	2	10809
43.412	n/a	NonTarget	1	10853
43.584	n/a	NonTarget	1	10896
43.772	n/a	Target	2	10943
43.936	n/a	NonTarget	1	10984
44.112	n/a	NonTarget	1	11028
44.284	n/a	NonTarget	1	11071
44.46	n/a	NonTarget	1	11115
60.216	n/a	Target	2	15054
60.388	n/a	NonTarget	1	15097
60.564	n/a	NonTarget	1	15141
60.74	n/a	NonTarget	1	15185
60.916	n/a	NonTarget	1	15229
61.092	n/a	NonTarget	1	15273
61.264	n/a	NonTarget	1	15316
61.44	n/a	NonTarget	1	15360
61.616	n/a	Target	2	15404
61.788	n/a	NonTarget	1	15447
61.964	n/a	NonTarget	1	15491
62.14	n/a	NonTarget	1	15535
62.316	n/a	NonTarget	1	15579
62.492	n/a	NonTarget	1	15623
62.664	n/a	Target	2	15666
62.84	n/a	NonTarget	1	15710
63.016	n/a	NonTarget	1	15754
63.188	n/a	NonTarget	1	15797
63.364	n/a	NonTarget	1	15841
63.54	n/a	NonTarget	1	15885
63.716	n/a	NonTarget	1	15929
63.888	n/a	Target	2	15972
64.064	n/a	NonTarget	1	16016
64.24	n/a	NonTarget	1	16060
64.416	n/a	NonTarget	1	16104
64.588	n/a	NonTarget	1	16147
64.764	n/a	NonTarget	1	16191
64.94	n/a	Target	2	16235
65.116	n/a	NonTarget	1	16279
65.288	n/a	NonTarget	1	16322
65.464	n/a	NonTarget	1	16366
65.64	n/a	NonTarget	1	16410
65.816	n/a	NonTarget	1	16454
65.988	n/a	Target	2	16497
66.164	n/a	NonTarget	1	16541
66.34	n/a	NonTarget	1	16585
66.516	n/a	Target	2	16629
66.688	n/a	NonTarget	1	16672
66.864	n/a	NonTarget	1	16716
67.04	n/a	NonTarget	1	16760
67.22	n/a	NonTarget	1	16805
67.388	n/a	NonTarget	1	16847
67.564	n/a	NonTarget	1	16891
67.74	n/a	NonTarget	1	16935
67.916	n/a	NonTarget	1	16979
68.088	n/a	NonTarget	1	17022
68.264	n/a	Target	2	17066
68.44	n/a	NonTarget	1	17110
68.616	n/a	NonTarget	1	17154
68.788	n/a	Target	2	17197
68.968	n/a	NonTarget	1	17242
69.14	n/a	NonTarget	1	17285
69.316	n/a	NonTarget	1	17329
69.488	n/a	NonTarget	1	17372
69.664	n/a	Target	2	17416
69.84	n/a	NonTarget	1	17460
70.016	n/a	NonTarget	1	17504
70.188	n/a	NonTarget	1	17547
70.368	n/a	NonTarget	1	17592
70.54	n/a	NonTarget	1	17635
70.716	n/a	NonTarget	1	17679
70.888	n/a	NonTarget	1	17722
71.064	n/a	NonTarget	1	17766
71.24	n/a	NonTarget	1	17810
71.416	n/a	Target	2	17854
71.588	n/a	NonTarget	1	17897
71.764	n/a	NonTarget	1	17941
71.94	n/a	Target	2	17985
72.116	n/a	NonTarget	1	18029
72.288	n/a	NonTarget	1	18072
72.464	n/a	NonTarget	1	18116
72.64	n/a	NonTarget	1	18160
72.816	n/a	Target	2	18204
72.988	n/a	NonTarget	1	18247
73.164	n/a	NonTarget	1	18291
73.34	n/a	NonTarget	1	18335
73.516	n/a	NonTarget	1	18379
73.688	n/a	NonTarget	1	18422
73.864	n/a	NonTarget	1	18466
74.04	n/a	NonTarget	1	18510
74.216	n/a	Target	2	18554
74.388	n/a	NonTarget	1	18597
74.564	n/a	NonTarget	1	18641
74.74	n/a	NonTarget	1	18685
74.916	n/a	NonTarget	1	18729
75.096	n/a	Target	2	18774
75.264	n/a	NonTarget	1	18816
75.44	n/a	NonTarget	1	18860
75.616	n/a	NonTarget	1	18904
75.788	n/a	NonTarget	1	18947
97.076	n/a	NonTarget	1	24269
97.252	n/a	NonTarget	1	24313
97.428	n/a	NonTarget	1	24357
97.6	n/a	NonTarget	1	24400
97.776	n/a	NonTarget	1	24444
97.952	n/a	Target	2	24488
98.128	n/a	NonTarget	1	24532
98.3	n/a	NonTarget	1	24575
98.48	n/a	NonTarget	1	24620
98.652	n/a	NonTarget	1	24663
98.828	n/a	Target	2	24707
99.004	n/a	NonTarget	1	24751
99.176	n/a	NonTarget	1	24794
99.352	n/a	NonTarget	1	24838
99.528	n/a	Target	2	24882
99.7	n/a	NonTarget	1	24925
99.876	n/a	NonTarget	1	24969
100.052	n/a	NonTarget	1	25013
100.228	n/a	NonTarget	1	25057
100.404	n/a	NonTarget	1	25101
100.576	n/a	NonTarget	1	25144
100.752	n/a	Target	2	25188
100.928	n/a	NonTarget	1	25232
101.1	n/a	NonTarget	1	25275
101.276	n/a	NonTarget	1	25319
101.452	n/a	NonTarget	1	25363
101.628	n/a	Target	2	25407
101.8	n/a	NonTarget	1	25450
101.98	n/a	NonTarget	1	25495
102.16	n/a	NonTarget	1	25540
102.328	n/a	NonTarget	1	25582
102.5	n/a	Target	2	25625
102.676	n/a	NonTarget	1	25669
102.852	n/a	NonTarget	1	25713
103.028	n/a	NonTarget	1	25757
103.204	n/a	NonTarget	1	25801
103.376	n/a	NonTarget	1	25844
103.552	n/a	NonTarget	1	25888
103.732	n/a	NonTarget	1	25933
103.9	n/a	NonTarget	1	25975
104.092	n/a	Target	2	26023
104.252	n/a	NonTarget	1	26063
104.428	n/a	NonTarget	1	26107
104.608	n/a	NonTarget	1	26152
104.776	n/a	NonTarget	1	26194
104.952	n/a	Target	2	26238
105.128	n/a	NonTarget	1	26282
105.3	n/a	NonTarget	1	26325
105.476	n/a	NonTarget	1	26369
105.652	n/a	NonTarget	1	26413
105.844	n/a	NonTarget	1	26461
106.012	n/a	NonTarget	1	26503
106.176	n/a	NonTarget	1	26544
106.352	n/a	Target	2	26588
106.528	n/a	NonTarget	1	26632
106.7	n/a	NonTarget	1	26675
106.888	n/a	NonTarget	1	26722
107.064	n/a	NonTarget	1	26766
107.228	n/a	Target	2	26807
107.404	n/a	NonTarget	1	26851
107.576	n/a	NonTarget	1	26894
107.752	n/a	NonTarget	1	26938
107.932	n/a	NonTarget	1	26983
108.1	n/a	NonTarget	1	27025
108.276	n/a	Target	2	27069
108.452	n/a	NonTarget	1	27113
108.628	n/a	NonTarget	1	27157
108.804	n/a	NonTarget	1	27201
108.976	n/a	Target	2	27244
109.152	n/a	NonTarget	1	27288
109.324	n/a	NonTarget	1	27331
109.5	n/a	NonTarget	1	27375
109.676	n/a	NonTarget	1	27419
109.856	n/a	NonTarget	1	27464
110.028	n/a	Target	2	27507
110.2	n/a	NonTarget	1	27550
110.376	n/a	NonTarget	1	27594
110.552	n/a	NonTarget	1	27638
110.728	n/a	NonTarget	1	27682
110.904	n/a	NonTarget	1	27726
111.084	n/a	NonTarget	1	27771
111.252	n/a	NonTarget	1	27813
111.428	n/a	NonTarget	1	27857
111.604	n/a	Target	2	27901
111.776	n/a	NonTarget	1	27944
111.952	n/a	NonTarget	1	27988
112.128	n/a	NonTarget	1	28032
112.3	n/a	Target	2	28075
112.476	n/a	NonTarget	1	28119
112.652	n/a	NonTarget	1	28163
127.764	n/a	Target	2	31941
127.94	n/a	NonTarget	1	31985
128.116	n/a	NonTarget	1	32029
128.288	n/a	NonTarget	1	32072
128.464	n/a	NonTarget	1	32116
128.636	n/a	NonTarget	1	32159
128.812	n/a	NonTarget	1	32203
128.992	n/a	NonTarget	1	32248
129.164	n/a	Target	2	32291
129.336	n/a	NonTarget	1	32334
129.512	n/a	NonTarget	1	32378
129.688	n/a	NonTarget	1	32422
129.864	n/a	NonTarget	1	32466
130.036	n/a	NonTarget	1	32509
130.216	n/a	Target	2	32554
130.388	n/a	NonTarget	1	32597
130.564	n/a	NonTarget	1	32641
130.736	n/a	NonTarget	1	32684
130.912	n/a	NonTarget	1	32728
131.088	n/a	NonTarget	1	32772
131.264	n/a	NonTarget	1	32816
131.444	n/a	NonTarget	1	32861
131.612	n/a	Target	2	32903
131.788	n/a	NonTarget	1	32947
131.964	n/a	NonTarget	1	32991
132.136	n/a	Target	2	33034
132.312	n/a	NonTarget	1	33078
132.488	n/a	NonTarget	1	33122
132.664	n/a	NonTarget	1	33166
132.844	n/a	NonTarget	1	33211
133.016	n/a	Target	2	33254
133.192	n/a	NonTarget	1	33298
133.364	n/a	NonTarget	1	33341
133.536	n/a	NonTarget	1	33384
133.712	n/a	NonTarget	1	33428
133.888	n/a	NonTarget	1	33472
134.064	n/a	NonTarget	1	33516
134.236	n/a	Target	2	33559
134.412	n/a	NonTarget	1	33603
134.6	n/a	NonTarget	1	33650
134.764	n/a	NonTarget	1	33691
134.936	n/a	NonTarget	1	33734
135.116	n/a	Target	2	33779
135.292	n/a	NonTarget	1	33823
135.468	n/a	NonTarget	1	33867
135.644	n/a	NonTarget	1	33911
135.812	n/a	NonTarget	1	33953
135.988	n/a	NonTarget	1	33997
136.168	n/a	Target	2	34042
136.34	n/a	NonTarget	1	34085
136.512	n/a	NonTarget	1	34128
136.692	n/a	NonTarget	1	34173
136.864	n/a	NonTarget	1	34216
137.036	n/a	NonTarget	1	34259
137.212	n/a	NonTarget	1	34303
137.388	n/a	NonTarget	1	34347
137.572	n/a	NonTarget	1	34393
137.736	n/a	Target	2	34434
137.912	n/a	NonTarget	1	34478
138.088	n/a	NonTarget	1	34522
138.264	n/a	NonTarget	1	34566
138.444	n/a	NonTarget	1	34611
138.612	n/a	NonTarget	1	34653
138.792	n/a	NonTarget	1	34698
138.964	n/a	NonTarget	1	34741
139.136	n/a	Target	2	34784
139.32	n/a	NonTarget	1	34830
139.488	n/a	NonTarget	1	34872
139.664	n/a	NonTarget	1	34916
139.84	n/a	NonTarget	1	34960
140.012	n/a	Target	2	35003
140.2	n/a	NonTarget	1	35050
140.364	n/a	NonTarget	1	35091
140.536	n/a	NonTarget	1	35134
140.712	n/a	NonTarget	1	35178
140.888	n/a	NonTarget	1	35222
141.064	n/a	Target	2	35266
141.236	n/a	NonTarget	1	35309
141.42	n/a	NonTarget	1	35355
141.588	n/a	Target	2	35397
141.764	n/a	NonTarget	1	35441
141.936	n/a	NonTarget	1	35484
142.112	n/a	NonTarget	1	35528
142.288	n/a	NonTarget	1	35572
142.464	n/a	NonTarget	1	35616
142.636	n/a	NonTarget	1	35659
142.812	n/a	Target	2	35703
142.988	n/a	NonTarget	1	35747
143.16	n/a	NonTarget	1	35790
143.336	n/a	NonTarget	1	35834
164.448	n/a	NonTarget	1	41112
164.624	n/a	NonTarget	1	41156
164.796	n/a	NonTarget	1	41199
164.972	n/a	Target	2	41243
165.148	n/a	NonTarget	1	41287
165.324	n/a	NonTarget	1	41331
165.496	n/a	Target	2	41374
165.672	n/a	NonTarget	1	41418
165.856	n/a	NonTarget	1	41464
166.02	n/a	NonTarget	1	41505
166.208	n/a	NonTarget	1	41552
166.372	n/a	NonTarget	1	41593
166.548	n/a	NonTarget	1	41637
166.732	n/a	NonTarget	1	41683
166.896	n/a	NonTarget	1	41724
167.072	n/a	NonTarget	1	41768
167.248	n/a	Target	2	41812
167.42	n/a	NonTarget	1	41855
167.596	n/a	NonTarget	1	41899
167.772	n/a	Target	2	41943
167.948	n/a	NonTarget	1	41987
168.12	n/a	NonTarget	1	42030
168.296	n/a	NonTarget	1	42074
168.472	n/a	NonTarget	1	42118
168.648	n/a	Target	2	42162
168.82	n/a	NonTarget	1	42205
168.996	n/a	NonTarget	1	42249
169.172	n/a	NonTarget	1	42293
169.348	n/a	NonTarget	1	42337
169.52	n/a	NonTarget	1	42380
169.696	n/a	NonTarget	1	42424
169.872	n/a	NonTarget	1	42468
170.06	n/a	NonTarget	1	42515
170.22	n/a	NonTarget	1	42555
170.396	n/a	Target	2	42599
170.58	n/a	NonTarget	1	42645
170.748	n/a	NonTarget	1	42687
170.92	n/a	Target	2	42730
171.096	n/a	NonTarget	1	42774
171.272	n/a	NonTarget	1	42818
171.448	n/a	NonTarget	1	42862
171.62	n/a	NonTarget	1	42905
171.804	n/a	Target	2	42951
171.972	n/a	NonTarget	1	42993
172.148	n/a	NonTarget	1	43037
172.324	n/a	NonTarget	1	43081
172.496	n/a	NonTarget	1	43124
172.672	n/a	NonTarget	1	43168
172.848	n/a	NonTarget	1	43212
173.024	n/a	NonTarget	1	43256
173.196	n/a	Target	2	43299
173.372	n/a	NonTarget	1	43343
173.548	n/a	NonTarget	1	43387
173.72	n/a	NonTarget	1	43430
173.896	n/a	NonTarget	1	43474
174.072	n/a	Target	2	43518
174.248	n/a	NonTarget	1	43562
174.42	n/a	NonTarget	1	43605
174.608	n/a	NonTarget	1	43652
174.772	n/a	NonTarget	1	43693
174.952	n/a	Target	2	43738
175.124	n/a	NonTarget	1	43781
175.296	n/a	NonTarget	1	43824
175.476	n/a	NonTarget	1	43869
175.648	n/a	NonTarget	1	43912
175.824	n/a	NonTarget	1	43956
175.996	n/a	Target	2	43999
176.172	n/a	NonTarget	1	44043
176.348	n/a	NonTarget	1	44087
176.52	n/a	NonTarget	1	44130
176.696	n/a	NonTarget	1	44174
176.872	n/a	NonTarget	1	44218
177.052	n/a	NonTarget	1	44263
177.22	n/a	NonTarget	1	44305
177.396	n/a	NonTarget	1	44349
177.572	n/a	Target	2	44393
177.748	n/a	NonTarget	1	44437
177.928	n/a	NonTarget	1	44482
178.096	n/a	NonTarget	1	44524
178.272	n/a	NonTarget	1	44568
178.448	n/a	NonTarget	1	44612
178.62	n/a	NonTarget	1	44655
178.796	n/a	NonTarget	1	44699
178.972	n/a	Target	2	44743
179.148	n/a	NonTarget	1	44787
179.32	n/a	NonTarget	1	44830
179.496	n/a	NonTarget	1	44874
179.688	n/a	NonTarget	1	44922
179.856	n/a	NonTarget	1	44964
180.02	n/a	Target	2	45005
198.696	n/a	NonTarget	1	49674
198.872	n/a	Target	2	49718
199.048	n/a	NonTarget	1	49762
199.224	n/a	NonTarget	1	49806
199.396	n/a	NonTarget	1	49849
199.572	n/a	NonTarget	1	49893
199.752	n/a	NonTarget	1	49938
199.924	n/a	NonTarget	1	49981
200.108	n/a	NonTarget	1	50027
200.276	n/a	NonTarget	1	50069
200.448	n/a	Target	2	50112
200.624	n/a	NonTarget	1	50156
200.796	n/a	NonTarget	1	50199
200.972	n/a	NonTarget	1	50243
201.148	n/a	NonTarget	1	50287
201.324	n/a	Target	2	50331
201.496	n/a	NonTarget	1	50374
201.672	n/a	NonTarget	1	50418
201.852	n/a	NonTarget	1	50463
202.024	n/a	NonTarget	1	50506
202.208	n/a	NonTarget	1	50552
202.372	n/a	NonTarget	1	50593
202.548	n/a	NonTarget	1	50637
202.732	n/a	Target	2	50683
202.9	n/a	NonTarget	1	50725
203.084	n/a	NonTarget	1	50771
203.248	n/a	NonTarget	1	50812
203.424	n/a	NonTarget	1	50856
203.6	n/a	Target	2	50900
203.772	n/a	NonTarget	1	50943
203.948	n/a	NonTarget	1	50987
204.124	n/a	NonTarget	1	51031
204.296	n/a	NonTarget	1	51074
204.484	n/a	NonTarget	1	51121
204.648	n/a	Target	2	51162
204.836	n/a	NonTarget	1	51209
204.996	n/a	NonTarget	1	51249
205.172	n/a	NonTarget	1	51293
205.348	n/a	Target	2	51337
205.524	n/a	NonTarget	1	51381
205.696	n/a	NonTarget	1	51424
205.872	n/a	NonTarget	1	51468
206.048	n/a	NonTarget	1	51512
206.228	n/a	NonTarget	1	51557
206.4	n/a	Target	2	51600
206.572	n/a	NonTarget	1	51643
206.748	n/a	NonTarget	1	51687
206.924	n/a	NonTarget	1	51731
207.096	n/a	NonTarget	1	51774
207.272	n/a	NonTarget	1	51818
207.452	n/a	NonTarget	1	51863
207.624	n/a	NonTarget	1	51906
207.808	n/a	NonTarget	1	51952
207.976	n/a	Target	2	51994
208.148	n/a	NonTarget	1	52037
208.324	n/a	NonTarget	1	52081
208.496	n/a	NonTarget	1	52124
208.672	n/a	Target	2	52168
208.848	n/a	NonTarget	1	52212
209.02	n/a	NonTarget	1	52255
209.196	n/a	NonTarget	1	52299
209.372	n/a	NonTarget	1	52343
209.556	n/a	NonTarget	1	52389
209.724	n/a	NonTarget	1	52431
209.896	n/a	NonTarget	1	52474
210.072	n/a	Target	2	52518
210.248	n/a	NonTarget	1	52562
210.424	n/a	NonTarget	1	52606
210.596	n/a	NonTarget	1	52649
210.772	n/a	NonTarget	1	52693
210.948	n/a	NonTarget	1	52737
211.124	n/a	Target	2	52781
211.296	n/a	NonTarget	1	52824
211.472	n/a	NonTarget	1	52868
211.652	n/a	NonTarget	1	52913
211.824	n/a	NonTarget	1	52956
211.996	n/a	NonTarget	1	52999
212.172	n/a	Target	2	53043
212.348	n/a	NonTarget	1	53087
212.524	n/a	NonTarget	1	53131
212.696	n/a	Target	2	53174
212.872	n/a	NonTarget	1	53218
213.048	n/a	NonTarget	1	53262
213.224	n/a	NonTarget	1	53306
213.396	n/a	NonTarget	1	53349
213.58	n/a	NonTarget	1	53395
213.748	n/a	NonTarget	1	53437
213.924	n/a	Target	2	53481
214.104	n/a	NonTarget	1	53526
214.272	n/a	NonTarget	1	53568
236.388	n/a	NonTarget	1	59097
236.564	n/a	NonTarget	1	59141
236.74	n/a	NonTarget	1	59185
236.916	n/a	NonTarget	1	59229
237.088	n/a	NonTarget	1	59272
237.264	n/a	Target	2	59316
237.44	n/a	NonTarget	1	59360
237.612	n/a	NonTarget	1	59403
237.792	n/a	NonTarget	1	59448
237.964	n/a	Target	2	59491
238.14	n/a	NonTarget	1	59535
238.316	n/a	NonTarget	1	59579
238.488	n/a	NonTarget	1	59622
238.664	n/a	NonTarget	1	59666
238.84	n/a	NonTarget	1	59710
239.016	n/a	NonTarget	1	59754
239.188	n/a	Target	2	59797
239.364	n/a	NonTarget	1	59841
239.54	n/a	NonTarget	1	59885
239.716	n/a	NonTarget	1	59929
239.888	n/a	NonTarget	1	59972
240.072	n/a	NonTarget	1	60018
240.24	n/a	Target	2	60060
240.416	n/a	NonTarget	1	60104
240.588	n/a	NonTarget	1	60147
240.764	n/a	Target	2	60191
240.948	n/a	NonTarget	1	60237
241.112	n/a	NonTarget	1	60278
241.296	n/a	NonTarget	1	60324
241.464	n/a	NonTarget	1	60366
241.64	n/a	NonTarget	1	60410
241.812	n/a	NonTarget	1	60453
241.988	n/a	Target	2	60497
242.164	n/a	NonTarget	1	60541
242.34	n/a	NonTarget	1	60585
242.512	n/a	NonTarget	1	60628
242.688	n/a	NonTarget	1	60672
242.864	n/a	Target	2	60716
243.04	n/a	NonTarget	1	60760
243.212	n/a	NonTarget	1	60803
243.388	n/a	NonTarget	1	60847
243.564	n/a	NonTarget	1	60891
243.74	n/a	NonTarget	1	60935
243.912	n/a	Target	2	60978
244.088	n/a	NonTarget	1	61022
244.264	n/a	NonTarget	1	61066
244.44	n/a	NonTarget	1	61110
244.612	n/a	NonTarget	1	61153
244.788	n/a	NonTarget	1	61197
244.964	n/a	NonTarget	1	61241
245.148	n/a	NonTarget	1	61287
245.312	n/a	NonTarget	1	61328
245.496	n/a	NonTarget	1	61374
245.664	n/a	Target	2	61416
245.84	n/a	NonTarget	1	61460
246.02	n/a	NonTarget	1	61505
246.188	n/a	NonTarget	1	61547
246.364	n/a	NonTarget	1	61591
246.54	n/a	NonTarget	1	61635
246.712	n/a	Target	2	61678
246.888	n/a	NonTarget	1	61722
247.064	n/a	NonTarget	1	61766
247.24	n/a	NonTarget	1	61810
247.412	n/a	NonTarget	1	61853
247.588	n/a	NonTarget	1	61897
247.764	n/a	Target	2	61941
247.94	n/a	NonTarget	1	61985
248.112	n/a	NonTarget	1	62028
248.288	n/a	Target	2	62072
248.464	n/a	NonTarget	1	62116
248.64	n/a	NonTarget	1	62160
248.812	n/a	NonTarget	1	62203
248.992	n/a	NonTarget	1	62248
249.164	n/a	NonTarget	1	62291
249.348	n/a	NonTarget	1	62337
249.512	n/a	NonTarget	1	62378
249.688	n/a	NonTarget	1	62422
249.864	n/a	Target	2	62466
250.04	n/a	NonTarget	1	62510
250.212	n/a	NonTarget	1	62553
250.388	n/a	Target	2	62597
250.564	n/a	NonTarget	1	62641
250.74	n/a	NonTarget	1	62685
250.912	n/a	NonTarget	1	62728
251.088	n/a	NonTarget	1	62772
251.272	n/a	Target	2	62818
251.44	n/a	NonTarget	1	62860
251.612	n/a	NonTarget	1	62903
251.788	n/a	NonTarget	1	62947
251.964	n/a	NonTarget	1	62991
267.108	n/a	Target	2	66777
267.296	n/a	NonTarget	1	66824
267.46	n/a	NonTarget	1	66865
267.636	n/a	NonTarget	1	66909
267.812	n/a	NonTarget	1	66953
267.984	n/a	NonTarget	1	66996
268.16	n/a	NonTarget	1	67040
268.336	n/a	NonTarget	1	67084
268.508	n/a	NonTarget	1	67127
268.684	n/a	Target	2	67171
268.86	n/a	NonTarget	1	67215
269.032	n/a	NonTarget	1	67258
269.212	n/a	NonTarget	1	67303
269.384	n/a	NonTarget	1	67346
269.568	n/a	NonTarget	1	67392
269.732	n/a	NonTarget	1	67433
269.908	n/a	Target	2	67477
270.088	n/a	NonTarget	1	67522
270.26	n/a	NonTarget	1	67565
270.432	n/a	NonTarget	1	67608
270.608	n/a	NonTarget	1	67652
270.784	n/a	NonTarget	1	67696
270.96	n/a	Target	2	67740
271.136	n/a	NonTarget	1	67784
271.308	n/a	NonTarget	1	67827
271.492	n/a	NonTarget	1	67873
271.66	n/a	NonTarget	1	67915
271.836	n/a	NonTarget	1	67959
272.008	n/a	Target	2	68002
272.184	n/a	NonTarget	1	68046
272.36	n/a	NonTarget	1	68090
272.532	n/a	NonTarget	1	68133
272.708	n/a	NonTarget	1	68177
272.884	n/a	Target	2	68221
273.06	n/a	NonTarget	1	68265
273.232	n/a	NonTarget	1	68308
273.408	n/a	NonTarget	1	68352
273.584	n/a	NonTarget	1	68396
273.76	n/a	Target	2	68440
273.932	n/a	NonTarget	1	68483
274.112	n/a	NonTarget	1	68528
274.284	n/a	NonTarget	1	68571
274.46	n/a	Target	2	68615
274.636	n/a	NonTarget	1	68659
274.808	n/a	NonTarget	1	68702
274.984	n/a	NonTarget	1	68746
275.16	n/a	NonTarget	1	68790
275.336	n/a	NonTarget	1	68834
275.508	n/a	Target	2	68877
275.684	n/a	NonTarget	1	68921
275.86	n/a	NonTarget	1	68965
276.032	n/a	NonTarget	1	69008
276.208	n/a	NonTarget	1	69052
276.384	n/a	NonTarget	1	69096
276.556	n/a	NonTarget	1	69139
276.732	n/a	NonTarget	1	69183
276.908	n/a	NonTarget	1	69227
277.084	n/a	NonTarget	1	69271
277.256	n/a	Target	2	69314
277.432	n/a	NonTarget	1	69358
277.608	n/a	NonTarget	1	69402
277.788	n/a	NonTarget	1	69447
277.96	n/a	NonTarget	1	69490
278.132	n/a	Target	2	69533
278.308	n/a	NonTarget	1	69577
278.484	n/a	NonTarget	1	69621
278.656	n/a	Target	2	69664
278.832	n/a	NonTarget	1	69708
279.008	n/a	NonTarget	1	69752
279.184	n/a	NonTarget	1	69796
279.356	n/a	NonTarget	1	69839
279.532	n/a	NonTarget	1	69883
279.708	n/a	Target	2	69927
279.884	n/a	NonTarget	1	69971
280.06	n/a	NonTarget	1	70015
280.232	n/a	NonTarget	1	70058
280.412	n/a	NonTarget	1	70103
280.584	n/a	NonTarget	1	70146
280.76	n/a	NonTarget	1	70190
280.932	n/a	NonTarget	1	70233
281.108	n/a	Target	2	70277
281.284	n/a	NonTarget	1	70321
281.46	n/a	NonTarget	1	70365
281.632	n/a	NonTarget	1	70408
281.808	n/a	NonTarget	1	70452
281.984	n/a	Target	2	70496
282.164	n/a	NonTarget	1	70541
282.332	n/a	NonTarget	1	70583
282.508	n/a	NonTarget	1	70627
282.696	n/a	NonTarget	1	70674
303.692	n/a	NonTarget	1	75923
303.868	n/a	NonTarget	1	75967
304.044	n/a	Target	2	76011
304.228	n/a	NonTarget	1	76057
304.392	n/a	NonTarget	1	76098
304.568	n/a	NonTarget	1	76142
304.756	n/a	NonTarget	1	76189
304.92	n/a	NonTarget	1	76230
305.092	n/a	NonTarget	1	76273
305.276	n/a	Target	2	76319
305.444	n/a	NonTarget	1	76361
305.616	n/a	NonTarget	1	76404
305.792	n/a	NonTarget	1	76448
305.968	n/a	NonTarget	1	76492
306.144	n/a	NonTarget	1	76536
306.32	n/a	Target	2	76580
306.492	n/a	NonTarget	1	76623
306.668	n/a	NonTarget	1	76667
306.844	n/a	NonTarget	1	76711
307.02	n/a	NonTarget	1	76755
307.192	n/a	Target	2	76798
307.368	n/a	NonTarget	1	76842
307.544	n/a	NonTarget	1	76886
307.72	n/a	NonTarget	1	76930
307.892	n/a	NonTarget	1	76973
308.068	n/a	NonTarget	1	77017
308.244	n/a	Target	2	77061
308.42	n/a	NonTarget	1	77105
308.596	n/a	NonTarget	1	77149
308.768	n/a	NonTarget	1	77192
308.944	n/a	NonTarget	1	77236
309.116	n/a	NonTarget	1	77279
309.292	n/a	NonTarget	1	77323
309.468	n/a	Target	2	77367
309.644	n/a	NonTarget	1	77411
309.816	n/a	NonTarget	1	77454
309.992	n/a	NonTarget	1	77498
310.168	n/a	NonTarget	1	77542
310.352	n/a	NonTarget	1	77588
310.516	n/a	NonTarget	1	77629
310.696	n/a	Target	2	77674
310.868	n/a	NonTarget	1	77717
311.044	n/a	NonTarget	1	77761
311.22	n/a	NonTarget	1	77805
311.392	n/a	NonTarget	1	77848
311.568	n/a	NonTarget	1	77892
311.744	n/a	Target	2	77936
311.916	n/a	NonTarget	1	77979
312.108	n/a	NonTarget	1	78027
312.276	n/a	Target	2	78069
312.444	n/a	NonTarget	1	78111
312.616	n/a	NonTarget	1	78154
312.792	n/a	NonTarget	1	78198
312.968	n/a	NonTarget	1	78242
313.144	n/a	NonTarget	1	78286
313.32	n/a	NonTarget	1	78330
313.492	n/a	NonTarget	1	78373
313.668	n/a	NonTarget	1	78417
313.856	n/a	Target	2	78464
314.02	n/a	NonTarget	1	78505
314.192	n/a	NonTarget	1	78548
314.368	n/a	NonTarget	1	78592
314.544	n/a	Target	2	78636
314.716	n/a	NonTarget	1	78679
314.892	n/a	NonTarget	1	78723
315.068	n/a	NonTarget	1	78767
315.244	n/a	NonTarget	1	78811
315.416	n/a	NonTarget	1	78854
315.596	n/a	NonTarget	1	78899
315.768	n/a	NonTarget	1	78942
315.944	n/a	Target	2	78986
316.128	n/a	NonTarget	1	79032
316.292	n/a	NonTarget	1	79073
316.468	n/a	NonTarget	1	79117
316.644	n/a	NonTarget	1	79161
316.82	n/a	Target	2	79205
316.992	n/a	NonTarget	1	79248
317.168	n/a	NonTarget	1	79292
317.344	n/a	NonTarget	1	79336
317.516	n/a	Target	2	79379
317.692	n/a	NonTarget	1	79423
317.868	n/a	NonTarget	1	79467
318.044	n/a	NonTarget	1	79511
318.216	n/a	NonTarget	1	79554
318.392	n/a	Target	2	79598
318.568	n/a	NonTarget	1	79642
318.748	n/a	NonTarget	1	79687
318.92	n/a	NonTarget	1	79730
319.092	n/a	NonTarget	1	79773
319.268	n/a	NonTarget	1	79817
335.304	n/a	Target	2	83826
335.484	n/a	NonTarget	1	83871
335.652	n/a	NonTarget	1	83913
335.828	n/a	NonTarget	1	83957
336.004	n/a	NonTarget	1	84001
336.176	n/a	NonTarget	1	84044
336.352	n/a	NonTarget	1	84088
336.532	n/a	NonTarget	1	84133
336.704	n/a	Target	2	84176
336.876	n/a	NonTarget	1	84219
337.052	n/a	NonTarget	1	84263
337.228	n/a	NonTarget	1	84307
337.404	n/a	NonTarget	1	84351
337.576	n/a	NonTarget	1	84394
337.752	n/a	Target	2	84438
337.928	n/a	NonTarget	1	84482
338.104	n/a	NonTarget	1	84526
338.276	n/a	NonTarget	1	84569
338.452	n/a	NonTarget	1	84613
338.628	n/a	NonTarget	1	84657
338.804	n/a	NonTarget	1	84701
338.976	n/a	Target	2	84744
339.168	n/a	NonTarget	1	84792
339.328	n/a	NonTarget	1	84832
339.5	n/a	NonTarget	1	84875
339.676	n/a	NonTarget	1	84919
339.852	n/a	NonTarget	1	84963
340.028	n/a	Target	2	85007
340.204	n/a	NonTarget	1	85051
340.376	n/a	NonTarget	1	85094
340.552	n/a	NonTarget	1	85138
340.732	n/a	NonTarget	1	85183
340.9	n/a	NonTarget	1	85225
341.076	n/a	Target	2	85269
341.256	n/a	NonTarget	1	85314
341.428	n/a	NonTarget	1	85357
341.604	n/a	Target	2	85401
341.776	n/a	NonTarget	1	85444
341.952	n/a	NonTarget	1	85488
342.128	n/a	NonTarget	1	85532
342.304	n/a	NonTarget	1	85576
342.48	n/a	NonTarget	1	85620
342.652	n/a	NonTarget	1	85663
342.828	n/a	NonTarget	1	85707
343.008	n/a	NonTarget	1	85752
343.176	n/a	NonTarget	1	85794
343.352	n/a	Target	2	85838
343.528	n/a	NonTarget	1	85882
343.704	n/a	NonTarget	1	85926
343.876	n/a	Target	2	85969
344.056	n/a	NonTarget	1	86014
344.228	n/a	NonTarget	1	86057
344.408	n/a	NonTarget	1	86102
344.576	n/a	NonTarget	1	86144
344.752	n/a	Target	2	86188
344.932	n/a	NonTarget	1	86233
345.104	n/a	NonTarget	1	86276
345.28	n/a	NonTarget	1	86320
345.452	n/a	NonTarget	1	86363
345.628	n/a	NonTarget	1	86407
345.804	n/a	NonTarget	1	86451
345.976	n/a	NonTarget	1	86494
346.152	n/a	NonTarget	1	86538
346.324	n/a	NonTarget	1	86581
346.504	n/a	Target	2	86626
346.68	n/a	NonTarget	1	86670
346.852	n/a	NonTarget	1	86713
347.028	n/a	Target	2	86757
347.204	n/a	NonTarget	1	86801
347.376	n/a	NonTarget	1	86844
347.552	n/a	NonTarget	1	86888
347.728	n/a	NonTarget	1	86932
347.9	n/a	Target	2	86975
348.076	n/a	NonTarget	1	87019
348.26	n/a	NonTarget	1	87065
348.428	n/a	NonTarget	1	87107
348.616	n/a	NonTarget	1	87154
348.776	n/a	NonTarget	1	87194
348.952	n/a	NonTarget	1	87238
349.128	n/a	NonTarget	1	87282
349.304	n/a	Target	2	87326
349.476	n/a	NonTarget	1	87369
349.652	n/a	NonTarget	1	87413
349.828	n/a	NonTarget	1	87457
350.004	n/a	NonTarget	1	87501
350.176	n/a	Target	2	87544
350.364	n/a	NonTarget	1	87591
350.528	n/a	NonTarget	1	87632
350.7	n/a	NonTarget	1	87675
350.88	n/a	NonTarget	1	87720
372.068	n/a	Target	2	93017
372.24	n/a	NonTarget	1	93060
372.416	n/a	NonTarget	1	93104
372.592	n/a	NonTarget	1	93148
372.768	n/a	NonTarget	1	93192
372.94	n/a	NonTarget	1	93235
373.116	n/a	Target	2	93279
373.292	n/a	NonTarget	1	93323
373.468	n/a	NonTarget	1	93367
373.648	n/a	NonTarget	1	93412
373.816	n/a	NonTarget	1	93454
373.992	n/a	NonTarget	1	93498
374.168	n/a	NonTarget	1	93542
374.34	n/a	NonTarget	1	93585
374.516	n/a	NonTarget	1	93629
374.692	n/a	Target	2	93673
374.868	n/a	NonTarget	1	93717
375.04	n/a	NonTarget	1	93760
375.216	n/a	NonTarget	1	93804
375.392	n/a	NonTarget	1	93848
375.568	n/a	NonTarget	1	93892
375.74	n/a	NonTarget	1	93935
375.916	n/a	NonTarget	1	93979
376.092	n/a	Target	2	94023
376.268	n/a	NonTarget	1	94067
376.44	n/a	NonTarget	1	94110
376.616	n/a	NonTarget	1	94154
376.792	n/a	NonTarget	1	94198
376.968	n/a	NonTarget	1	94242
377.14	n/a	Target	2	94285
377.32	n/a	NonTarget	1	94330
377.508	n/a	NonTarget	1	94377
377.668	n/a	NonTarget	1	94417
377.84	n/a	NonTarget	1	94460
378.016	n/a	Target	2	94504
378.192	n/a	NonTarget	1	94548
378.368	n/a	NonTarget	1	94592
378.54	n/a	NonTarget	1	94635
378.716	n/a	NonTarget	1	94679
378.892	n/a	Target	2	94723
379.068	n/a	NonTarget	1	94767
379.24	n/a	NonTarget	1	94810
379.416	n/a	NonTarget	1	94854
379.592	n/a	NonTarget	1	94898
379.772	n/a	NonTarget	1	94943
379.94	n/a	NonTarget	1	94985
380.128	n/a	NonTarget	1	95032
380.292	n/a	Target	2	95073
380.468	n/a	NonTarget	1	95117
380.644	n/a	NonTarget	1	95161
380.816	n/a	NonTarget	1	95204
380.992	n/a	NonTarget	1	95248
381.164	n/a	Target	2	95291
381.34	n/a	NonTarget	1	95335
381.516	n/a	NonTarget	1	95379
381.692	n/a	NonTarget	1	95423
381.868	n/a	NonTarget	1	95467
382.04	n/a	Target	2	95510
382.216	n/a	NonTarget	1	95554
382.392	n/a	NonTarget	1	95598
382.568	n/a	NonTarget	1	95642
382.74	n/a	NonTarget	1	95685
382.916	n/a	Target	2	95729
383.092	n/a	NonTarget	1	95773
383.268	n/a	NonTarget	1	95817
383.444	n/a	NonTarget	1	95861
383.616	n/a	NonTarget	1	95904
383.792	n/a	NonTarget	1	95948
383.968	n/a	NonTarget	1	95992
384.14	n/a	Target	2	96035
384.316	n/a	NonTarget	1	96079
384.492	n/a	NonTarget	1	96123
384.668	n/a	NonTarget	1	96167
384.84	n/a	NonTarget	1	96210
385.032	n/a	NonTarget	1	96258
385.192	n/a	Target	2	96298
385.364	n/a	NonTarget	1	96341
385.54	n/a	NonTarget	1	96385
385.716	n/a	NonTarget	1	96429
385.892	n/a	NonTarget	1	96473
386.068	n/a	Target	2	96517
386.24	n/a	NonTarget	1	96560
386.416	n/a	NonTarget	1	96604
386.592	n/a	NonTarget	1	96648
386.768	n/a	NonTarget	1	96692
386.94	n/a	NonTarget	1	96735
387.12	n/a	Target	2	96780
387.292	n/a	NonTarget	1	96823
387.468	n/a	NonTarget	1	96867
387.64	n/a	NonTarget	1	96910
406.208	n/a	NonTarget	1	101552
406.38	n/a	NonTarget	1	101595
406.556	n/a	NonTarget	1	101639
406.732	n/a	NonTarget	1	101683
406.912	n/a	NonTarget	1	101728
407.084	n/a	Target	2	101771
407.256	n/a	NonTarget	1	101814
407.436	n/a	NonTarget	1	101859
407.608	n/a	NonTarget	1	101902
407.78	n/a	NonTarget	1	101945
407.956	n/a	NonTarget	1	101989
408.132	n/a	Target	2	102033
408.308	n/a	NonTarget	1	102077
408.484	n/a	NonTarget	1	102121
408.656	n/a	NonTarget	1	102164
408.832	n/a	NonTarget	1	102208
409.008	n/a	NonTarget	1	102252
409.18	n/a	Target	2	102295
409.364	n/a	NonTarget	1	102341
409.532	n/a	NonTarget	1	102383
409.708	n/a	Target	2	102427
409.88	n/a	NonTarget	1	102470
410.056	n/a	NonTarget	1	102514
410.236	n/a	NonTarget	1	102559
410.408	n/a	NonTarget	1	102602
410.58	n/a	NonTarget	1	102645
410.756	n/a	NonTarget	1	102689
410.932	n/a	Target	2	102733
411.108	n/a	NonTarget	1	102777
411.28	n/a	NonTarget	1	102820
411.456	n/a	NonTarget	1	102864
411.632	n/a	NonTarget	1	102908
411.812	n/a	NonTarget	1	102953
411.98	n/a	NonTarget	1	102995
412.176	n/a	NonTarget	1	103044
412.332	n/a	Target	2	103083
412.508	n/a	NonTarget	1	103127
412.688	n/a	NonTarget	1	103172
412.856	n/a	NonTarget	1	103214
413.036	n/a	Target	2	103259
413.208	n/a	NonTarget	1	103302
413.38	n/a	NonTarget	1	103345
413.556	n/a	NonTarget	1	103389
413.732	n/a	NonTarget	1	103433
413.904	n/a	NonTarget	1	103476
414.08	n/a	NonTarget	1	103520
414.256	n/a	Target	2	103564
414.432	n/a	NonTarget	1	103608
414.604	n/a	NonTarget	1	103651
414.78	n/a	NonTarget	1	103695
414.96	n/a	NonTarget	1	103740
415.144	n/a	NonTarget	1	103786
415.308	n/a	Target	2	103827
415.48	n/a	NonTarget	1	103870
415.656	n/a	NonTarget	1	103914
415.832	n/a	Target	2	103958
416.008	n/a	NonTarget	1	104002
416.18	n/a	NonTarget	1	104045
416.356	n/a	NonTarget	1	104089
416.532	n/a	NonTarget	1	104133
416.708	n/a	NonTarget	1	104177
416.88	n/a	NonTarget	1	104220
417.06	n/a	Target	2	104265
417.232	n/a	NonTarget	1	104308
417.408	n/a	NonTarget	1	104352
417.58	n/a	NonTarget	1	104395
417.756	n/a	NonTarget	1	104439
417.932	n/a	Target	2	104483
418.108	n/a	NonTarget	1	104527
418.284	n/a	NonTarget	1	104571
418.456	n/a	NonTarget	1	104614
418.636	n/a	NonTarget	1	104659
418.808	n/a	NonTarget	1	104702
418.98	n/a	Target	2	104745
419.156	n/a	NonTarget	1	104789
419.332	n/a	NonTarget	1	104833
419.508	n/a	NonTarget	1	104877
419.68	n/a	NonTarget	1	104920
419.856	n/a	NonTarget	1	104964
420.032	n/a	NonTarget	1	105008
420.208	n/a	NonTarget	1	105052
420.384	n/a	NonTarget	1	105096
420.556	n/a	NonTarget	1	105139
420.732	n/a	Target	2	105183
420.908	n/a	NonTarget	1	105227
421.08	n/a	NonTarget	1	105270
421.256	n/a	NonTarget	1	105314
421.432	n/a	NonTarget	1	105358
421.608	n/a	NonTarget	1	105402
421.78	n/a	Target	2	105445
442.88	n/a	NonTarget	1	110720
443.056	n/a	NonTarget	1	110764
443.232	n/a	NonTarget	1	110808
443.404	n/a	Target	2	110851
443.58	n/a	NonTarget	1	110895
443.764	n/a	NonTarget	1	110941
443.932	n/a	Target	2	110983
444.104	n/a	NonTarget	1	111026
444.28	n/a	NonTarget	1	111070
444.456	n/a	NonTarget	1	111114
444.632	n/a	NonTarget	1	111158
444.804	n/a	NonTarget	1	111201
444.98	n/a	NonTarget	1	111245
445.16	n/a	NonTarget	1	111290
445.332	n/a	NonTarget	1	111333
445.504	n/a	NonTarget	1	111376
445.684	n/a	Target	2	111421
445.856	n/a	NonTarget	1	111464
446.032	n/a	NonTarget	1	111508
446.204	n/a	Target	2	111551
446.38	n/a	NonTarget	1	111595
446.556	n/a	NonTarget	1	111639
446.732	n/a	NonTarget	1	111683
446.904	n/a	NonTarget	1	111726
447.084	n/a	Target	2	111771
447.256	n/a	NonTarget	1	111814
447.432	n/a	NonTarget	1	111858
447.616	n/a	NonTarget	1	111904
447.78	n/a	NonTarget	1	111945
447.956	n/a	NonTarget	1	111989
448.132	n/a	NonTarget	1	112033
448.304	n/a	NonTarget	1	112076
448.488	n/a	NonTarget	1	112122
448.656	n/a	NonTarget	1	112164
448.836	n/a	Target	2	112209
449.004	n/a	NonTarget	1	112251
449.18	n/a	NonTarget	1	112295
449.36	n/a	Target	2	112340
449.532	n/a	NonTarget	1	112383
449.724	n/a	NonTarget	1	112431
449.88	n/a	NonTarget	1	112470
450.056	n/a	NonTarget	1	112514
450.232	n/a	Target	2	112558
450.404	n/a	NonTarget	1	112601
450.58	n/a	NonTarget	1	112645
450.756	n/a	NonTarget	1	112689
450.936	n/a	NonTarget	1	112734
451.104	n/a	NonTarget	1	112776
451.284	n/a	NonTarget	1	112821
451.456	n/a	NonTarget	1	112864
451.632	n/a	Target	2	112908
451.812	n/a	NonTarget	1	112953
451.98	n/a	NonTarget	1	112995
452.156	n/a	NonTarget	1	113039
452.332	n/a	NonTarget	1	113083
452.504	n/a	Target	2	113126
452.696	n/a	NonTarget	1	113174
452.856	n/a	NonTarget	1	113214
453.032	n/a	NonTarget	1	113258
453.208	n/a	NonTarget	1	113302
453.38	n/a	Target	2	113345
453.556	n/a	NonTarget	1	113389
453.732	n/a	NonTarget	1	113433
453.904	n/a	NonTarget	1	113476
454.096	n/a	NonTarget	1	113524
454.256	n/a	NonTarget	1	113564
454.432	n/a	Target	2	113608
454.612	n/a	NonTarget	1	113653
454.78	n/a	NonTarget	1	113695
454.956	n/a	NonTarget	1	113739
455.132	n/a	NonTarget	1	113783
455.304	n/a	NonTarget	1	113826
455.484	n/a	NonTarget	1	113871
455.656	n/a	NonTarget	1	113914
455.832	n/a	NonTarget	1	113958
456.004	n/a	Target	2	114001
456.18	n/a	NonTarget	1	114045
456.356	n/a	NonTarget	1	114089
456.532	n/a	NonTarget	1	114133
456.724	n/a	NonTarget	1	114181
456.88	n/a	NonTarget	1	114220
457.056	n/a	NonTarget	1	114264
457.24	n/a	NonTarget	1	114310
457.404	n/a	Target	2	114351
457.58	n/a	NonTarget	1	114395
457.76	n/a	NonTarget	1	114440
457.932	n/a	NonTarget	1	114483
458.104	n/a	NonTarget	1	114526
458.28	n/a	NonTarget	1	114570
458.456	n/a	Target	2	114614
473.572	n/a	NonTarget	1	118393
473.744	n/a	NonTarget	1	118436
473.92	n/a	NonTarget	1	118480
474.096	n/a	NonTarget	1	118524
474.276	n/a	Target	2	118569
474.444	n/a	NonTarget	1	118611
474.62	n/a	NonTarget	1	118655
474.796	n/a	NonTarget	1	118699
474.968	n/a	NonTarget	1	118742
475.144	n/a	Target	2	118786
475.32	n/a	NonTarget	1	118830
475.496	n/a	NonTarget	1	118874
475.676	n/a	NonTarget	1	118919
475.844	n/a	NonTarget	1	118961
476.036	n/a	NonTarget	1	119009
476.192	n/a	NonTarget	1	119048
476.368	n/a	NonTarget	1	119092
476.544	n/a	Target	2	119136
476.72	n/a	NonTarget	1	119180
476.892	n/a	NonTarget	1	119223
477.068	n/a	NonTarget	1	119267
477.244	n/a	NonTarget	1	119311
477.42	n/a	Target	2	119355
477.596	n/a	NonTarget	1	119399
477.768	n/a	NonTarget	1	119442
477.944	n/a	NonTarget	1	119486
478.12	n/a	NonTarget	1	119530
478.296	n/a	Target	2	119574
478.468	n/a	NonTarget	1	119617
478.644	n/a	NonTarget	1	119661
478.82	n/a	NonTarget	1	119705
478.992	n/a	NonTarget	1	119748
479.168	n/a	Target	2	119792
479.344	n/a	NonTarget	1	119836
479.52	n/a	NonTarget	1	119880
479.696	n/a	NonTarget	1	119924
479.868	n/a	NonTarget	1	119967
480.044	n/a	NonTarget	1	120011
480.22	n/a	NonTarget	1	120055
480.392	n/a	Target	2	120098
480.568	n/a	NonTarget	1	120142
480.744	n/a	NonTarget	1	120186
480.92	n/a	NonTarget	1	120230
481.096	n/a	NonTarget	1	120274
481.284	n/a	NonTarget	1	120321
481.46	n/a	Target	2	120365
481.62	n/a	NonTarget	1	120405
481.796	n/a	NonTarget	1	120449
481.968	n/a	NonTarget	1	120492
482.144	n/a	NonTarget	1	120536
482.32	n/a	Target	2	120580
482.492	n/a	NonTarget	1	120623
482.668	n/a	NonTarget	1	120667
482.844	n/a	NonTarget	1	120711
483.02	n/a	NonTarget	1	120755
483.192	n/a	NonTarget	1	120798
483.368	n/a	Target	2	120842
483.544	n/a	NonTarget	1	120886
483.72	n/a	NonTarget	1	120930
483.892	n/a	NonTarget	1	120973
484.068	n/a	NonTarget	1	121017
484.244	n/a	NonTarget	1	121061
484.436	n/a	NonTarget	1	121109
484.596	n/a	Target	2	121149
484.768	n/a	NonTarget	1	121192
484.948	n/a	NonTarget	1	121237
485.12	n/a	NonTarget	1	121280
485.292	n/a	NonTarget	1	121323
485.468	n/a	NonTarget	1	121367
485.644	n/a	NonTarget	1	121411
485.82	n/a	Target	2	121455
485.992	n/a	NonTarget	1	121498
486.172	n/a	NonTarget	1	121543
486.344	n/a	NonTarget	1	121586
486.516	n/a	NonTarget	1	121629
486.692	n/a	NonTarget	1	121673
486.868	n/a	Target	2	121717
487.044	n/a	NonTarget	1	121761
487.22	n/a	NonTarget	1	121805
487.404	n/a	Target	2	121851
487.568	n/a	NonTarget	1	121892
487.744	n/a	NonTarget	1	121936
487.92	n/a	NonTarget	1	121980
488.096	n/a	NonTarget	1	122024
488.28	n/a	NonTarget	1	122070
488.444	n/a	NonTarget	1	122111
488.62	n/a	NonTarget	1	122155
488.796	n/a	NonTarget	1	122199
488.968	n/a	Target	2	122242
489.144	n/a	NonTarget	1	122286
510.268	n/a	NonTarget	1	127567
510.444	n/a	NonTarget	1	127611
510.62	n/a	Target	2	127655
510.796	n/a	NonTarget	1	127699
510.972	n/a	NonTarget	1	127743
511.144	n/a	NonTarget	1	127786
511.332	n/a	NonTarget	1	127833
511.496	n/a	NonTarget	1	127874
511.668	n/a	NonTarget	1	127917
511.844	n/a	NonTarget	1	127961
512.02	n/a	Target	2	128005
512.196	n/a	NonTarget	1	128049
512.372	n/a	NonTarget	1	128093
512.544	n/a	NonTarget	1	128136
512.72	n/a	NonTarget	1	128180
512.896	n/a	Target	2	128224
513.08	n/a	NonTarget	1	128270
513.244	n/a	NonTarget	1	128311
513.42	n/a	NonTarget	1	128355
513.6	n/a	Target	2	128400
513.784	n/a	NonTarget	1	128446
513.944	n/a	NonTarget	1	128486
514.12	n/a	NonTarget	1	128530
514.292	n/a	NonTarget	1	128573
514.468	n/a	Target	2	128617
514.648	n/a	NonTarget	1	128662
514.82	n/a	NonTarget	1	128705
514.996	n/a	NonTarget	1	128749
515.172	n/a	NonTarget	1	128793
515.344	n/a	NonTarget	1	128836
515.536	n/a	Target	2	128884
515.696	n/a	NonTarget	1	128924
515.868	n/a	NonTarget	1	128967
516.044	n/a	NonTarget	1	129011
516.22	n/a	NonTarget	1	129055
516.396	n/a	NonTarget	1	129099
516.572	n/a	NonTarget	1	129143
516.744	n/a	NonTarget	1	129186
516.92	n/a	Target	2	129230
517.092	n/a	NonTarget	1	129273
517.268	n/a	NonTarget	1	129317
517.444	n/a	NonTarget	1	129361
517.62	n/a	NonTarget	1	129405
517.792	n/a	NonTarget	1	129448
517.968	n/a	Target	2	129492
518.144	n/a	NonTarget	1	129536
518.32	n/a	NonTarget	1	129580
518.492	n/a	NonTarget	1	129623
518.668	n/a	NonTarget	1	129667
518.844	n/a	NonTarget	1	129711
519.02	n/a	NonTarget	1	129755
519.192	n/a	Target	2	129798
519.368	n/a	NonTarget	1	129842
519.544	n/a	NonTarget	1	129886
519.72	n/a	NonTarget	1	129930
519.892	n/a	NonTarget	1	129973
520.068	n/a	NonTarget	1	130017
520.244	n/a	Target	2	130061
520.42	n/a	NonTarget	1	130105
520.592	n/a	NonTarget	1	130148
520.768	n/a	NonTarget	1	130192
520.944	n/a	NonTarget	1	130236
521.124	n/a	NonTarget	1	130281
521.292	n/a	Target	2	130323
521.468	n/a	NonTarget	1	130367
521.644	n/a	NonTarget	1	130411
521.82	n/a	Target	2	130455
521.992	n/a	NonTarget	1	130498
522.168	n/a	NonTarget	1	130542
522.344	n/a	NonTarget	1	130586
522.52	n/a	NonTarget	1	130630
522.692	n/a	NonTarget	1	130673
522.868	n/a	NonTarget	1	130717
523.044	n/a	NonTarget	1	130761
523.22	n/a	NonTarget	1	130805
523.392	n/a	NonTarget	1	130848
523.568	n/a	Target	2	130892
523.744	n/a	NonTarget	1	130936
523.92	n/a	NonTarget	1	130980
524.092	n/a	Target	2	131023
524.268	n/a	NonTarget	1	131067
524.444	n/a	NonTarget	1	131111
524.62	n/a	NonTarget	1	131155
524.792	n/a	NonTarget	1	131198
524.972	n/a	Target	2	131243
525.144	n/a	NonTarget	1	131286
525.32	n/a	NonTarget	1	131330
525.492	n/a	NonTarget	1	131373
525.668	n/a	NonTarget	1	131417
525.844	n/a	NonTarget	1	131461
540.988	n/a	NonTarget	1	135247
541.164	n/a	NonTarget	1	135291
541.34	n/a	NonTarget	1	135335
541.512	n/a	NonTarget	1	135378
541.696	n/a	Target	2	135424
541.864	n/a	NonTarget	1	135466
542.04	n/a	NonTarget	1	135510
542.212	n/a	Target	2	135553
542.388	n/a	NonTarget	1	135597
542.564	n/a	NonTarget	1	135641
542.74	n/a	NonTarget	1	135685
542.912	n/a	NonTarget	1	135728
543.088	n/a	Target	2	135772
543.268	n/a	NonTarget	1	135817
543.44	n/a	NonTarget	1	135860
543.616	n/a	NonTarget	1	135904
543.788	n/a	NonTarget	1	135947
543.964	n/a	NonTarget	1	135991
544.14	n/a	NonTarget	1	136035
544.316	n/a	NonTarget	1	136079
544.488	n/a	Target	2	136122
544.664	n/a	NonTarget	1	136166
544.84	n/a	NonTarget	1	136210
545.016	n/a	NonTarget	1	136254
545.196	n/a	NonTarget	1	136299
545.38	n/a	Target	2	136345
545.54	n/a	NonTarget	1	136385
545.716	n/a	NonTarget	1	136429
545.892	n/a	NonTarget	1	136473
546.072	n/a	NonTarget	1	136518
546.24	n/a	Target	2	136560
546.416	n/a	NonTarget	1	136604
546.588	n/a	NonTarget	1	136647
546.764	n/a	NonTarget	1	136691
546.948	n/a	NonTarget	1	136737
547.116	n/a	NonTarget	1	136779
547.288	n/a	Target	2	136822
547.464	n/a	NonTarget	1	136866
547.64	n/a	NonTarget	1	136910
547.812	n/a	NonTarget	1	136953
547.988	n/a	NonTarget	1	136997
548.172	n/a	NonTarget	1	137043
548.34	n/a	NonTarget	1	137085
548.516	n/a	NonTarget	1	137129
548.692	n/a	NonTarget	1	137173
548.864	n/a	Target	2	137216
549.04	n/a	NonTarget	1	137260
549.216	n/a	NonTarget	1	137304
549.392	n/a	NonTarget	1	137348
549.564	n/a	NonTarget	1	137391
549.744	n/a	NonTarget	1	137436
549.916	n/a	NonTarget	1	137479
550.088	n/a	NonTarget	1	137522
550.268	n/a	Target	2	137567
550.44	n/a	NonTarget	1	137610
550.62	n/a	NonTarget	1	137655
550.788	n/a	NonTarget	1	137697
550.964	n/a	NonTarget	1	137741
551.14	n/a	NonTarget	1	137785
551.316	n/a	Target	2	137829
551.488	n/a	NonTarget	1	137872
551.664	n/a	NonTarget	1	137916
551.84	n/a	NonTarget	1	137960
552.016	n/a	NonTarget	1	138004
552.192	n/a	Target	2	138048
552.364	n/a	NonTarget	1	138091
552.54	n/a	NonTarget	1	138135
552.716	n/a	NonTarget	1	138179
552.892	n/a	NonTarget	1	138223
553.064	n/a	Target	2	138266
553.24	n/a	NonTarget	1	138310
553.416	n/a	NonTarget	1	138354
553.588	n/a	NonTarget	1	138397
553.764	n/a	NonTarget	1	138441
553.94	n/a	NonTarget	1	138485
554.116	n/a	NonTarget	1	138529
554.288	n/a	NonTarget	1	138572
554.472	n/a	Target	2	138618
554.64	n/a	NonTarget	1	138660
554.82	n/a	NonTarget	1	138705
554.988	n/a	NonTarget	1	138747
555.164	n/a	NonTarget	1	138791
555.34	n/a	Target	2	138835
555.516	n/a	NonTarget	1	138879
555.688	n/a	NonTarget	1	138922
555.864	n/a	NonTarget	1	138966
556.044	n/a	NonTarget	1	139011
556.216	n/a	Target	2	139054
556.388	n/a	NonTarget	1	139097
556.564	n/a	NonTarget	1	139141
577.912	n/a	NonTarget	1	144478
578.088	n/a	NonTarget	1	144522
578.264	n/a	Target	2	144566
578.436	n/a	NonTarget	1	144609
578.616	n/a	NonTarget	1	144654
578.788	n/a	NonTarget	1	144697
578.964	n/a	NonTarget	1	144741
579.136	n/a	NonTarget	1	144784
579.312	n/a	NonTarget	1	144828
579.496	n/a	Target	2	144874
579.664	n/a	NonTarget	1	144916
579.836	n/a	NonTarget	1	144959
580.016	n/a	NonTarget	1	145004
580.188	n/a	NonTarget	1	145047
580.376	n/a	NonTarget	1	145094
580.536	n/a	Target	2	145134
580.712	n/a	NonTarget	1	145178
580.888	n/a	NonTarget	1	145222
581.06	n/a	NonTarget	1	145265
581.24	n/a	NonTarget	1	145310
581.412	n/a	Target	2	145353
581.588	n/a	NonTarget	1	145397
581.764	n/a	NonTarget	1	145441
581.936	n/a	NonTarget	1	145484
582.128	n/a	NonTarget	1	145532
582.3	n/a	NonTarget	1	145575
582.464	n/a	Target	2	145616
582.652	n/a	NonTarget	1	145663
582.816	n/a	NonTarget	1	145704
582.988	n/a	NonTarget	1	145747
583.164	n/a	NonTarget	1	145791
583.336	n/a	NonTarget	1	145834
583.512	n/a	NonTarget	1	145878
583.688	n/a	Target	2	145922
583.864	n/a	NonTarget	1	145966
584.036	n/a	NonTarget	1	146009
584.212	n/a	NonTarget	1	146053
584.388	n/a	NonTarget	1	146097
584.564	n/a	NonTarget	1	146141
584.736	n/a	NonTarget	1	146184
584.912	n/a	Target	2	146228
585.088	n/a	NonTarget	1	146272
585.264	n/a	NonTarget	1	146316
585.436	n/a	NonTarget	1	146359
585.612	n/a	NonTarget	1	146403
585.796	n/a	NonTarget	1	146449
585.98	n/a	Target	2	146495
586.136	n/a	NonTarget	1	146534
586.312	n/a	NonTarget	1	146578
586.488	n/a	Target	2	146622
586.664	n/a	NonTarget	1	146666
586.836	n/a	NonTarget	1	146709
587.016	n/a	NonTarget	1	146754
587.188	n/a	NonTarget	1	146797
587.364	n/a	NonTarget	1	146841
587.536	n/a	NonTarget	1	146884
587.732	n/a	NonTarget	1	146933
587.888	n/a	NonTarget	1	146972
588.064	n/a	Target	2	147016
588.252	n/a	NonTarget	1	147063
588.412	n/a	NonTarget	1	147103
588.588	n/a	NonTarget	1	147147
588.764	n/a	Target	2	147191
588.936	n/a	NonTarget	1	147234
589.124	n/a	NonTarget	1	147281
589.288	n/a	NonTarget	1	147322
589.464	n/a	NonTarget	1	147366
589.636	n/a	NonTarget	1	147409
589.812	n/a	NonTarget	1	147453
589.988	n/a	NonTarget	1	147497
590.172	n/a	Target	2	147543
590.336	n/a	NonTarget	1	147584
590.516	n/a	NonTarget	1	147629
590.688	n/a	NonTarget	1	147672
590.864	n/a	NonTarget	1	147716
591.036	n/a	Target	2	147759
591.212	n/a	NonTarget	1	147803
591.392	n/a	NonTarget	1	147848
591.564	n/a	NonTarget	1	147891
591.736	n/a	Target	2	147934
591.912	n/a	NonTarget	1	147978
592.088	n/a	NonTarget	1	148022
592.264	n/a	NonTarget	1	148066
592.436	n/a	NonTarget	1	148109
592.612	n/a	Target	2	148153
592.788	n/a	NonTarget	1	148197
592.964	n/a	NonTarget	1	148241
593.14	n/a	NonTarget	1	148285
593.312	n/a	NonTarget	1	148328
593.488	n/a	NonTarget	1	148372
656.216	n/a	NonTarget	1	164054
656.392	n/a	Target	2	164098
656.564	n/a	NonTarget	1	164141
656.74	n/a	NonTarget	1	164185
656.916	n/a	NonTarget	1	164229
657.092	n/a	NonTarget	1	164273
657.268	n/a	Target	2	164317
657.44	n/a	NonTarget	1	164360
657.616	n/a	NonTarget	1	164404
657.792	n/a	NonTarget	1	164448
657.968	n/a	NonTarget	1	164492
658.144	n/a	NonTarget	1	164536
658.316	n/a	NonTarget	1	164579
658.496	n/a	NonTarget	1	164624
658.668	n/a	NonTarget	1	164667
658.84	n/a	Target	2	164710
659.016	n/a	NonTarget	1	164754
659.192	n/a	NonTarget	1	164798
659.368	n/a	NonTarget	1	164842
659.54	n/a	NonTarget	1	164885
659.716	n/a	Target	2	164929
659.892	n/a	NonTarget	1	164973
660.08	n/a	NonTarget	1	165020
660.24	n/a	NonTarget	1	165060
660.416	n/a	NonTarget	1	165104
660.592	n/a	NonTarget	1	165148
660.768	n/a	NonTarget	1	165192
660.94	n/a	Target	2	165235
661.124	n/a	NonTarget	1	165281
661.292	n/a	NonTarget	1	165323
661.468	n/a	Target	2	165367
661.64	n/a	NonTarget	1	165410
661.816	n/a	NonTarget	1	165454
661.992	n/a	NonTarget	1	165498
662.164	n/a	NonTarget	1	165541
662.34	n/a	NonTarget	1	165585
662.516	n/a	NonTarget	1	165629
662.692	n/a	NonTarget	1	165673
662.868	n/a	NonTarget	1	165717
663.04	n/a	Target	2	165760
663.216	n/a	NonTarget	1	165804
663.392	n/a	NonTarget	1	165848
663.564	n/a	NonTarget	1	165891
663.744	n/a	Target	2	165936
663.916	n/a	NonTarget	1	165979
664.092	n/a	NonTarget	1	166023
664.264	n/a	NonTarget	1	166066
664.44	n/a	NonTarget	1	166110
664.624	n/a	Target	2	166156
664.792	n/a	NonTarget	1	166198
664.968	n/a	NonTarget	1	166242
665.14	n/a	NonTarget	1	166285
665.316	n/a	NonTarget	1	166329
665.492	n/a	NonTarget	1	166373
665.664	n/a	NonTarget	1	166416
665.852	n/a	NonTarget	1	166463
666.016	n/a	NonTarget	1	166504
666.192	n/a	NonTarget	1	166548
666.364	n/a	Target	2	166591
666.54	n/a	NonTarget	1	166635
666.716	n/a	NonTarget	1	166679
666.892	n/a	NonTarget	1	166723
667.072	n/a	NonTarget	1	166768
667.24	n/a	Target	2	166810
667.416	n/a	NonTarget	1	166854
667.592	n/a	NonTarget	1	166898
667.764	n/a	NonTarget	1	166941
667.952	n/a	NonTarget	1	166988
668.116	n/a	NonTarget	1	167029
668.292	n/a	NonTarget	1	167073
668.468	n/a	Target	2	167117
668.64	n/a	NonTarget	1	167160
668.832	n/a	NonTarget	1	167208
668.992	n/a	NonTarget	1	167248
669.164	n/a	NonTarget	1	167291
669.344	n/a	Target	2	167336
669.516	n/a	NonTarget	1	167379
669.692	n/a	NonTarget	1	167423
669.872	n/a	NonTarget	1	167468
670.04	n/a	NonTarget	1	167510
670.216	n/a	NonTarget	1	167554
670.392	n/a	NonTarget	1	167598
670.564	n/a	NonTarget	1	167641
670.752	n/a	Target	2	167688
670.916	n/a	NonTarget	1	167729
671.096	n/a	NonTarget	1	167774
671.264	n/a	Target	2	167816
671.44	n/a	NonTarget	1	167860
671.616	n/a	NonTarget	1	167904
671.792	n/a	NonTarget	1	167948
687.032	n/a	NonTarget	1	171758
687.208	n/a	NonTarget	1	171802
687.384	n/a	NonTarget	1	171846
687.556	n/a	NonTarget	1	171889
687.732	n/a	Target	2	171933
687.908	n/a	NonTarget	1	171977
688.084	n/a	NonTarget	1	172021
688.26	n/a	Target	2	172065
688.432	n/a	NonTarget	1	172108
688.608	n/a	NonTarget	1	172152
688.784	n/a	NonTarget	1	172196
688.956	n/a	NonTarget	1	172239
689.132	n/a	Target	2	172283
689.308	n/a	NonTarget	1	172327
689.484	n/a	NonTarget	1	172371
689.66	n/a	NonTarget	1	172415
689.832	n/a	NonTarget	1	172458
690.008	n/a	NonTarget	1	172502
690.184	n/a	Target	2	172546
690.36	n/a	NonTarget	1	172590
690.532	n/a	NonTarget	1	172633
690.708	n/a	NonTarget	1	172677
690.888	n/a	NonTarget	1	172722
691.056	n/a	NonTarget	1	172764
691.232	n/a	Target	2	172808
691.408	n/a	NonTarget	1	172852
691.584	n/a	NonTarget	1	172896
691.76	n/a	NonTarget	1	172940
691.932	n/a	NonTarget	1	172983
692.108	n/a	NonTarget	1	173027
692.284	n/a	Target	2	173071
692.46	n/a	NonTarget	1	173115
692.632	n/a	NonTarget	1	173158
692.808	n/a	NonTarget	1	173202
692.984	n/a	NonTarget	1	173246
693.156	n/a	NonTarget	1	173289
693.332	n/a	NonTarget	1	173333
693.508	n/a	NonTarget	1	173377
693.684	n/a	NonTarget	1	173421
693.86	n/a	NonTarget	1	173465
694.032	n/a	NonTarget	1	173508
694.208	n/a	Target	2	173552
694.384	n/a	NonTarget	1	173596
694.56	n/a	NonTarget	1	173640
694.732	n/a	NonTarget	1	173683
694.908	n/a	Target	2	173727
695.084	n/a	NonTarget	1	173771
695.256	n/a	NonTarget	1	173814
695.436	n/a	Target	2	173859
695.608	n/a	NonTarget	1	173902
695.784	n/a	NonTarget	1	173946
695.96	n/a	NonTarget	1	173990
696.132	n/a	NonTarget	1	174033
696.308	n/a	NonTarget	1	174077
696.484	n/a	Target	2	174121
696.656	n/a	NonTarget	1	174164
696.832	n/a	NonTarget	1	174208
697.008	n/a	NonTarget	1	174252
697.184	n/a	NonTarget	1	174296
697.356	n/a	NonTarget	1	174339
697.532	n/a	NonTarget	1	174383
697.708	n/a	Target	2	174427
697.888	n/a	NonTarget	1	174472
698.056	n/a	NonTarget	1	174514
698.236	n/a	NonTarget	1	174559
698.408	n/a	NonTarget	1	174602
698.58	n/a	NonTarget	1	174645
698.756	n/a	Target	2	174689
698.932	n/a	NonTarget	1	174733
699.108	n/a	NonTarget	1	174777
699.284	n/a	NonTarget	1	174821
699.46	n/a	NonTarget	1	174865
699.632	n/a	NonTarget	1	174908
699.808	n/a	Target	2	174952
699.984	n/a	NonTarget	1	174996
700.156	n/a	NonTarget	1	175039
700.332	n/a	NonTarget	1	175083
700.508	n/a	NonTarget	1	175127
700.688	n/a	NonTarget	1	175172
700.856	n/a	NonTarget	1	175214
701.032	n/a	NonTarget	1	175258
701.216	n/a	Target	2	175304
701.384	n/a	NonTarget	1	175346
701.556	n/a	NonTarget	1	175389
701.736	n/a	NonTarget	1	175434
701.908	n/a	NonTarget	1	175477
702.088	n/a	Target	2	175522
702.256	n/a	NonTarget	1	175564
702.452	n/a	NonTarget	1	175613
702.612	n/a	NonTarget	1	175653
723.692	n/a	Target	2	180923
723.872	n/a	NonTarget	1	180968
724.04	n/a	NonTarget	1	181010
724.216	n/a	NonTarget	1	181054
724.392	n/a	NonTarget	1	181098
724.568	n/a	NonTarget	1	181142
724.74	n/a	Target	2	181185
724.916	n/a	NonTarget	1	181229
725.092	n/a	NonTarget	1	181273
725.268	n/a	NonTarget	1	181317
725.452	n/a	NonTarget	1	181363
725.616	n/a	NonTarget	1	181404
725.808	n/a	Target	2	181452
725.968	n/a	NonTarget	1	181492
726.14	n/a	NonTarget	1	181535
726.328	n/a	NonTarget	1	181582
726.492	n/a	NonTarget	1	181623
726.668	n/a	NonTarget	1	181667
726.844	n/a	NonTarget	1	181711
727.016	n/a	NonTarget	1	181754
727.192	n/a	NonTarget	1	181798
727.368	n/a	NonTarget	1	181842
727.544	n/a	NonTarget	1	181886
727.724	n/a	Target	2	181931
727.904	n/a	NonTarget	1	181976
728.068	n/a	NonTarget	1	182017
728.24	n/a	NonTarget	1	182060
728.416	n/a	NonTarget	1	182104
728.592	n/a	Target	2	182148
728.768	n/a	NonTarget	1	182192
728.94	n/a	NonTarget	1	182235
729.116	n/a	NonTarget	1	182279
729.292	n/a	NonTarget	1	182323
729.476	n/a	Target	2	182369
729.652	n/a	NonTarget	1	182413
729.816	n/a	NonTarget	1	182454
729.996	n/a	NonTarget	1	182499
730.172	n/a	NonTarget	1	182543
730.34	n/a	Target	2	182585
730.516	n/a	NonTarget	1	182629
730.692	n/a	NonTarget	1	182673
730.868	n/a	NonTarget	1	182717
731.04	n/a	Target	2	182760
731.216	n/a	NonTarget	1	182804
731.392	n/a	NonTarget	1	182848
731.568	n/a	NonTarget	1	182892
731.74	n/a	NonTarget	1	182935
731.916	n/a	NonTarget	1	182979
732.092	n/a	NonTarget	1	183023
732.268	n/a	NonTarget	1	183067
732.448	n/a	Target	2	183112
732.616	n/a	NonTarget	1	183154
732.792	n/a	NonTarget	1	183198
732.968	n/a	NonTarget	1	183242
733.14	n/a	NonTarget	1	183285
733.316	n/a	Target	2	183329
733.488	n/a	NonTarget	1	183372
733.664	n/a	NonTarget	1	183416
733.84	n/a	NonTarget	1	183460
734.016	n/a	NonTarget	1	183504
734.196	n/a	Target	2	183549
734.368	n/a	NonTarget	1	183592
734.54	n/a	NonTarget	1	183635
734.716	n/a	NonTarget	1	183679
734.904	n/a	NonTarget	1	183726
735.072	n/a	NonTarget	1	183768
735.24	n/a	NonTarget	1	183810
735.416	n/a	NonTarget	1	183854
735.592	n/a	NonTarget	1	183898
735.772	n/a	NonTarget	1	183943
735.94	n/a	Target	2	183985
736.116	n/a	NonTarget	1	184029
736.296	n/a	NonTarget	1	184074
736.468	n/a	Target	2	184117
736.64	n/a	NonTarget	1	184160
736.816	n/a	NonTarget	1	184204
736.992	n/a	NonTarget	1	184248
737.168	n/a	NonTarget	1	184292
737.34	n/a	NonTarget	1	184335
737.516	n/a	NonTarget	1	184379
737.692	n/a	NonTarget	1	184423
737.868	n/a	Target	2	184467
738.04	n/a	NonTarget	1	184510
738.216	n/a	NonTarget	1	184554
738.392	n/a	NonTarget	1	184598
738.568	n/a	NonTarget	1	184642
738.74	n/a	NonTarget	1	184685
738.916	n/a	NonTarget	1	184729
739.092	n/a	Target	2	184773
739.268	n/a	NonTarget	1	184817
754.656	n/a	NonTarget	1	188664
754.832	n/a	NonTarget	1	188708
755.008	n/a	NonTarget	1	188752
755.184	n/a	NonTarget	1	188796
755.36	n/a	Target	2	188840
755.532	n/a	NonTarget	1	188883
755.708	n/a	NonTarget	1	188927
755.888	n/a	Target	2	188972
756.056	n/a	NonTarget	1	189014
756.232	n/a	NonTarget	1	189058
756.408	n/a	NonTarget	1	189102
756.58	n/a	NonTarget	1	189145
756.764	n/a	Target	2	189191
756.932	n/a	NonTarget	1	189233
757.108	n/a	NonTarget	1	189277
757.288	n/a	NonTarget	1	189322
757.456	n/a	NonTarget	1	189364
757.632	n/a	NonTarget	1	189408
757.808	n/a	NonTarget	1	189452
757.984	n/a	NonTarget	1	189496
758.156	n/a	NonTarget	1	189539
758.332	n/a	Target	2	189583
758.512	n/a	NonTarget	1	189628
758.684	n/a	NonTarget	1	189671
758.856	n/a	NonTarget	1	189714
759.036	n/a	NonTarget	1	189759
759.208	n/a	Target	2	189802
759.38	n/a	NonTarget	1	189845
759.556	n/a	NonTarget	1	189889
759.732	n/a	NonTarget	1	189933
759.916	n/a	NonTarget	1	189979
760.08	n/a	Target	2	190020
760.256	n/a	NonTarget	1	190064
760.436	n/a	NonTarget	1	190109
760.608	n/a	NonTarget	1	190152
760.78	n/a	NonTarget	1	190195
760.956	n/a	NonTarget	1	190239
761.132	n/a	Target	2	190283
761.308	n/a	NonTarget	1	190327
761.484	n/a	NonTarget	1	190371
761.656	n/a	NonTarget	1	190414
761.832	n/a	NonTarget	1	190458
762.008	n/a	NonTarget	1	190502
762.184	n/a	Target	2	190546
762.376	n/a	NonTarget	1	190594
762.532	n/a	NonTarget	1	190633
762.708	n/a	NonTarget	1	190677
762.884	n/a	NonTarget	1	190721
763.056	n/a	NonTarget	1	190764
763.232	n/a	NonTarget	1	190808
763.408	n/a	NonTarget	1	190852
763.584	n/a	Target	2	190896
763.764	n/a	NonTarget	1	190941
763.932	n/a	NonTarget	1	190983
764.108	n/a	Target	2	191027
764.28	n/a	NonTarget	1	191070
764.456	n/a	NonTarget	1	191114
764.632	n/a	NonTarget	1	191158
764.808	n/a	NonTarget	1	191202
764.98	n/a	NonTarget	1	191245
765.164	n/a	NonTarget	1	191291
765.332	n/a	NonTarget	1	191333
765.508	n/a	NonTarget	1	191377
765.688	n/a	NonTarget	1	191422
765.856	n/a	NonTarget	1	191464
766.044	n/a	Target	2	191511
766.204	n/a	NonTarget	1	191551
766.38	n/a	NonTarget	1	191595
766.556	n/a	NonTarget	1	191639
766.732	n/a	Target	2	191683
766.904	n/a	NonTarget	1	191726
767.084	n/a	NonTarget	1	191771
767.276	n/a	NonTarget	1	191819
767.432	n/a	NonTarget	1	191858
767.608	n/a	NonTarget	1	191902
767.78	n/a	Target	2	191945
767.964	n/a	NonTarget	1	191991
768.132	n/a	NonTarget	1	192033
768.308	n/a	NonTarget	1	192077
768.484	n/a	NonTarget	1	192121
768.656	n/a	NonTarget	1	192164
768.832	n/a	Target	2	192208
769.008	n/a	NonTarget	1	192252
769.18	n/a	NonTarget	1	192295
769.356	n/a	NonTarget	1	192339
769.532	n/a	NonTarget	1	192383
769.708	n/a	NonTarget	1	192427
769.888	n/a	NonTarget	1	192472
770.056	n/a	Target	2	192514
770.24	n/a	NonTarget	1	192560
791.236	n/a	NonTarget	1	197809
791.412	n/a	Target	2	197853
791.584	n/a	NonTarget	1	197896
791.764	n/a	NonTarget	1	197941
791.936	n/a	NonTarget	1	197984
792.112	n/a	NonTarget	1	198028
792.284	n/a	Target	2	198071
792.46	n/a	NonTarget	1	198115
792.64	n/a	NonTarget	1	198160
792.812	n/a	NonTarget	1	198203
792.984	n/a	NonTarget	1	198246
793.16	n/a	NonTarget	1	198290
793.336	n/a	Target	2	198334
793.512	n/a	NonTarget	1	198378
793.684	n/a	NonTarget	1	198421
793.86	n/a	NonTarget	1	198465
794.036	n/a	NonTarget	1	198509
794.212	n/a	NonTarget	1	198553
794.384	n/a	NonTarget	1	198596
794.56	n/a	Target	2	198640
794.736	n/a	NonTarget	1	198684
794.912	n/a	NonTarget	1	198728
795.084	n/a	NonTarget	1	198771
795.26	n/a	NonTarget	1	198815
795.44	n/a	NonTarget	1	198860
795.612	n/a	NonTarget	1	198903
795.784	n/a	Target	2	198946
795.96	n/a	NonTarget	1	198990
796.136	n/a	NonTarget	1	199034
796.312	n/a	NonTarget	1	199078
796.484	n/a	NonTarget	1	199121
796.66	n/a	NonTarget	1	199165
796.836	n/a	NonTarget	1	199209
797.012	n/a	NonTarget	1	199253
797.184	n/a	Target	2	199296
797.36	n/a	NonTarget	1	199340
797.536	n/a	NonTarget	1	199384
797.712	n/a	NonTarget	1	199428
797.884	n/a	NonTarget	1	199471
798.06	n/a	NonTarget	1	199515
798.236	n/a	Target	2	199559
798.412	n/a	NonTarget	1	199603
798.584	n/a	NonTarget	1	199646
798.76	n/a	NonTarget	1	199690
798.936	n/a	NonTarget	1	199734
799.112	n/a	Target	2	199778
799.284	n/a	NonTarget	1	199821
799.46	n/a	NonTarget	1	199865
799.636	n/a	Target	2	199909
799.812	n/a	NonTarget	1	199953
799.984	n/a	NonTarget	1	199996
800.16	n/a	NonTarget	1	200040
800.336	n/a	NonTarget	1	200084
800.512	n/a	NonTarget	1	200128
800.684	n/a	NonTarget	1	200171
800.86	n/a	NonTarget	1	200215
801.036	n/a	NonTarget	1	200259
801.212	n/a	Target	2	200303
801.384	n/a	NonTarget	1	200346
801.56	n/a	NonTarget	1	200390
801.736	n/a	Target	2	200434
801.912	n/a	NonTarget	1	200478
802.084	n/a	NonTarget	1	200521
802.26	n/a	NonTarget	1	200565
802.436	n/a	NonTarget	1	200609
802.612	n/a	NonTarget	1	200653
802.784	n/a	Target	2	200696
802.96	n/a	NonTarget	1	200740
803.136	n/a	NonTarget	1	200784
803.312	n/a	NonTarget	1	200828
803.484	n/a	NonTarget	1	200871
803.66	n/a	NonTarget	1	200915
803.836	n/a	Target	2	200959
804.012	n/a	NonTarget	1	201003
804.188	n/a	NonTarget	1	201047
804.36	n/a	NonTarget	1	201090
804.536	n/a	NonTarget	1	201134
804.712	n/a	NonTarget	1	201178
804.884	n/a	NonTarget	1	201221
805.06	n/a	NonTarget	1	201265
805.236	n/a	NonTarget	1	201309
805.412	n/a	NonTarget	1	201353
805.584	n/a	NonTarget	1	201396
805.764	n/a	Target	2	201441
805.936	n/a	NonTarget	1	201484
806.112	n/a	NonTarget	1	201528
806.284	n/a	NonTarget	1	201571
806.46	n/a	NonTarget	1	201615
806.636	n/a	Target	2	201659
806.812	n/a	NonTarget	1	201703
825.288	n/a	NonTarget	1	206322
825.464	n/a	NonTarget	1	206366
825.636	n/a	Target	2	206409
825.812	n/a	NonTarget	1	206453
825.988	n/a	NonTarget	1	206497
826.164	n/a	NonTarget	1	206541
826.336	n/a	Target	2	206584
826.512	n/a	NonTarget	1	206628
826.688	n/a	NonTarget	1	206672
826.864	n/a	NonTarget	1	206716
827.036	n/a	NonTarget	1	206759
827.212	n/a	NonTarget	1	206803
827.388	n/a	NonTarget	1	206847
827.564	n/a	Target	2	206891
827.736	n/a	NonTarget	1	206934
827.912	n/a	NonTarget	1	206978
828.088	n/a	NonTarget	1	207022
828.264	n/a	NonTarget	1	207066
828.436	n/a	Target	2	207109
828.612	n/a	NonTarget	1	207153
828.788	n/a	NonTarget	1	207197
828.964	n/a	NonTarget	1	207241
829.136	n/a	NonTarget	1	207284
829.32	n/a	NonTarget	1	207330
829.488	n/a	Target	2	207372
829.664	n/a	NonTarget	1	207416
829.836	n/a	NonTarget	1	207459
830.012	n/a	NonTarget	1	207503
830.188	n/a	NonTarget	1	207547
830.364	n/a	NonTarget	1	207591
830.536	n/a	NonTarget	1	207634
830.712	n/a	Target	2	207678
830.888	n/a	NonTarget	1	207722
831.064	n/a	NonTarget	1	207766
831.236	n/a	NonTarget	1	207809
831.412	n/a	NonTarget	1	207853
831.588	n/a	Target	2	207897
831.764	n/a	NonTarget	1	207941
831.936	n/a	NonTarget	1	207984
832.112	n/a	NonTarget	1	208028
832.288	n/a	NonTarget	1	208072
832.464	n/a	NonTarget	1	208116
832.636	n/a	NonTarget	1	208159
832.812	n/a	NonTarget	1	208203
832.988	n/a	NonTarget	1	208247
833.168	n/a	Target	2	208292
833.336	n/a	NonTarget	1	208334
833.512	n/a	NonTarget	1	208378
833.688	n/a	NonTarget	1	208422
833.864	n/a	NonTarget	1	208466
834.036	n/a	Target	2	208509
834.212	n/a	NonTarget	1	208553
834.388	n/a	NonTarget	1	208597
834.564	n/a	NonTarget	1	208641
834.736	n/a	NonTarget	1	208684
834.912	n/a	NonTarget	1	208728
835.088	n/a	NonTarget	1	208772
835.264	n/a	Target	2	208816
835.436	n/a	NonTarget	1	208859
835.612	n/a	NonTarget	1	208903
835.788	n/a	Target	2	208947
835.964	n/a	NonTarget	1	208991
836.136	n/a	NonTarget	1	209034
836.312	n/a	NonTarget	1	209078
836.488	n/a	NonTarget	1	209122
836.664	n/a	NonTarget	1	209166
836.836	n/a	NonTarget	1	209209
837.012	n/a	NonTarget	1	209253
837.188	n/a	NonTarget	1	209297
837.364	n/a	Target	2	209341
837.536	n/a	NonTarget	1	209384
837.712	n/a	NonTarget	1	209428
837.888	n/a	NonTarget	1	209472
838.064	n/a	Target	2	209516
838.236	n/a	NonTarget	1	209559
838.412	n/a	NonTarget	1	209603
838.588	n/a	NonTarget	1	209647
838.764	n/a	NonTarget	1	209691
838.936	n/a	Target	2	209734
839.112	n/a	NonTarget	1	209778
839.288	n/a	NonTarget	1	209822
839.464	n/a	NonTarget	1	209866
839.636	n/a	NonTarget	1	209909
839.812	n/a	NonTarget	1	209953
839.988	n/a	NonTarget	1	209997
840.164	n/a	NonTarget	1	210041
840.336	n/a	NonTarget	1	210084
840.512	n/a	NonTarget	1	210128
840.692	n/a	Target	2	210173
840.864	n/a	NonTarget	1	210216
862.888	n/a	NonTarget	1	215722
863.064	n/a	Target	2	215766
863.236	n/a	NonTarget	1	215809
863.412	n/a	NonTarget	1	215853
863.588	n/a	NonTarget	1	215897
863.764	n/a	NonTarget	1	215941
863.936	n/a	NonTarget	1	215984
864.112	n/a	Target	2	216028
864.288	n/a	NonTarget	1	216072
864.464	n/a	NonTarget	1	216116
864.64	n/a	NonTarget	1	216160
864.812	n/a	NonTarget	1	216203
864.988	n/a	NonTarget	1	216247
865.164	n/a	Target	2	216291
865.34	n/a	NonTarget	1	216335
865.512	n/a	NonTarget	1	216378
865.688	n/a	NonTarget	1	216422
865.864	n/a	NonTarget	1	216466
866.04	n/a	NonTarget	1	216510
866.212	n/a	NonTarget	1	216553
866.388	n/a	NonTarget	1	216597
866.56	n/a	Target	2	216640
866.736	n/a	NonTarget	1	216684
866.912	n/a	NonTarget	1	216728
867.088	n/a	Target	2	216772
867.26	n/a	NonTarget	1	216815
867.444	n/a	NonTarget	1	216861
867.612	n/a	NonTarget	1	216903
867.788	n/a	NonTarget	1	216947
867.964	n/a	NonTarget	1	216991
868.136	n/a	NonTarget	1	217034
868.312	n/a	NonTarget	1	217078
868.488	n/a	NonTarget	1	217122
868.66	n/a	NonTarget	1	217165
868.836	n/a	NonTarget	1	217209
869.012	n/a	Target	2	217253
869.188	n/a	NonTarget	1	217297
869.364	n/a	NonTarget	1	217341
869.544	n/a	NonTarget	1	217386
869.712	n/a	Target	2	217428
869.888	n/a	NonTarget	1	217472
870.064	n/a	NonTarget	1	217516
870.236	n/a	NonTarget	1	217559
870.412	n/a	NonTarget	1	217603
870.588	n/a	NonTarget	1	217647
870.764	n/a	Target	2	217691
870.94	n/a	NonTarget	1	217735
871.112	n/a	NonTarget	1	217778
871.292	n/a	NonTarget	1	217823
871.464	n/a	NonTarget	1	217866
871.648	n/a	NonTarget	1	217912
871.812	n/a	Target	2	217953
871.988	n/a	NonTarget	1	217997
872.164	n/a	NonTarget	1	218041
872.34	n/a	NonTarget	1	218085
872.512	n/a	NonTarget	1	218128
872.688	n/a	NonTarget	1	218172
872.864	n/a	NonTarget	1	218216
873.04	n/a	Target	2	218260
873.212	n/a	NonTarget	1	218303
873.388	n/a	NonTarget	1	218347
873.564	n/a	Target	2	218391
873.736	n/a	NonTarget	1	218434
873.912	n/a	NonTarget	1	218478
874.088	n/a	NonTarget	1	218522
874.264	n/a	NonTarget	1	218566
874.436	n/a	Target	2	218609
874.612	n/a	NonTarget	1	218653
874.792	n/a	NonTarget	1	218698
874.964	n/a	NonTarget	1	218741
875.136	n/a	NonTarget	1	218784
875.312	n/a	NonTarget	1	218828
875.496	n/a	Target	2	218874
875.664	n/a	NonTarget	1	218916
875.836	n/a	NonTarget	1	218959
876.012	n/a	NonTarget	1	219003
876.188	n/a	NonTarget	1	219047
876.368	n/a	NonTarget	1	219092
876.536	n/a	NonTarget	1	219134
876.712	n/a	Target	2	219178
876.888	n/a	NonTarget	1	219222
877.064	n/a	NonTarget	1	219266
877.236	n/a	NonTarget	1	219309
877.412	n/a	NonTarget	1	219353
877.588	n/a	NonTarget	1	219397
877.764	n/a	NonTarget	1	219441
877.936	n/a	Target	2	219484
878.112	n/a	NonTarget	1	219528
878.288	n/a	NonTarget	1	219572
878.464	n/a	NonTarget	1	219616
893.56	n/a	NonTarget	1	223390
893.736	n/a	NonTarget	1	223434
893.908	n/a	NonTarget	1	223477
894.084	n/a	NonTarget	1	223521
894.26	n/a	Target	2	223565
894.432	n/a	NonTarget	1	223608
894.608	n/a	NonTarget	1	223652
894.788	n/a	NonTarget	1	223697
894.96	n/a	NonTarget	1	223740
895.14	n/a	NonTarget	1	223785
895.312	n/a	Target	2	223828
895.484	n/a	NonTarget	1	223871
895.668	n/a	NonTarget	1	223917
895.836	n/a	NonTarget	1	223959
896.008	n/a	NonTarget	1	224002
896.184	n/a	Target	2	224046
896.36	n/a	NonTarget	1	224090
896.54	n/a	NonTarget	1	224135
896.708	n/a	Target	2	224177
896.884	n/a	NonTarget	1	224221
897.06	n/a	NonTarget	1	224265
897.232	n/a	NonTarget	1	224308
897.408	n/a	NonTarget	1	224352
897.584	n/a	NonTarget	1	224396
897.76	n/a	NonTarget	1	224440
897.932	n/a	NonTarget	1	224483
898.108	n/a	NonTarget	1	224527
898.284	n/a	Target	2	224571
898.46	n/a	NonTarget	1	224615
898.632	n/a	NonTarget	1	224658
898.82	n/a	Target	2	224705
898.984	n/a	NonTarget	1	224746
899.16	n/a	NonTarget	1	224790
899.332	n/a	NonTarget	1	224833
899.508	n/a	NonTarget	1	224877
899.684	n/a	NonTarget	1	224921
899.86	n/a	Target	2	224965
900.036	n/a	NonTarget	1	225009
900.208	n/a	NonTarget	1	225052
900.384	n/a	NonTarget	1	225096
900.556	n/a	NonTarget	1	225139
900.732	n/a	NonTarget	1	225183
900.908	n/a	Target	2	225227
901.084	n/a	NonTarget	1	225271
901.264	n/a	NonTarget	1	225316
901.432	n/a	NonTarget	1	225358
901.608	n/a	NonTarget	1	225402
901.784	n/a	NonTarget	1	225446
901.96	n/a	NonTarget	1	225490
902.136	n/a	NonTarget	1	225534
902.308	n/a	NonTarget	1	225577
902.484	n/a	NonTarget	1	225621
902.66	n/a	NonTarget	1	225665
902.832	n/a	Target	2	225708
903.016	n/a	NonTarget	1	225754
903.184	n/a	NonTarget	1	225796
903.36	n/a	NonTarget	1	225840
903.536	n/a	NonTarget	1	225884
903.708	n/a	Target	2	225927
903.884	n/a	NonTarget	1	225971
904.06	n/a	NonTarget	1	226015
904.232	n/a	NonTarget	1	226058
904.408	n/a	NonTarget	1	226102
904.584	n/a	Target	2	226146
904.76	n/a	NonTarget	1	226190
904.932	n/a	NonTarget	1	226233
905.108	n/a	NonTarget	1	226277
905.292	n/a	NonTarget	1	226323
905.46	n/a	Target	2	226365
905.636	n/a	NonTarget	1	226409
905.812	n/a	NonTarget	1	226453
905.984	n/a	NonTarget	1	226496
906.16	n/a	Target	2	226540
906.332	n/a	NonTarget	1	226583
906.508	n/a	NonTarget	1	226627
906.684	n/a	NonTarget	1	226671
906.86	n/a	NonTarget	1	226715
907.032	n/a	NonTarget	1	226758
907.208	n/a	NonTarget	1	226802
907.384	n/a	NonTarget	1	226846
907.56	n/a	Target	2	226890
907.736	n/a	NonTarget	1	226934
907.92	n/a	NonTarget	1	226980
908.1	n/a	NonTarget	1	227025
908.26	n/a	NonTarget	1	227065
908.432	n/a	Target	2	227108
908.616	n/a	NonTarget	1	227154
908.784	n/a	NonTarget	1	227196
908.968	n/a	NonTarget	1	227242
909.132	n/a	NonTarget	1	227283
930.424	n/a	Target	2	232606
930.596	n/a	NonTarget	1	232649
930.772	n/a	NonTarget	1	232693
930.952	n/a	NonTarget	1	232738
931.124	n/a	NonTarget	1	232781
931.296	n/a	NonTarget	1	232824
931.476	n/a	NonTarget	1	232869
931.652	n/a	NonTarget	1	232913
931.824	n/a	NonTarget	1	232956
931.996	n/a	NonTarget	1	232999
932.172	n/a	Target	2	233043
932.348	n/a	NonTarget	1	233087
932.524	n/a	NonTarget	1	233131
932.704	n/a	Target	2	233176
932.872	n/a	NonTarget	1	233218
933.048	n/a	NonTarget	1	233262
933.224	n/a	NonTarget	1	233306
933.4	n/a	NonTarget	1	233350
933.572	n/a	NonTarget	1	233393
933.748	n/a	NonTarget	1	233437
933.932	n/a	NonTarget	1	233483
934.096	n/a	Target	2	233524
934.272	n/a	NonTarget	1	233568
934.448	n/a	NonTarget	1	233612
934.62	n/a	NonTarget	1	233655
934.796	n/a	NonTarget	1	233699
934.972	n/a	NonTarget	1	233743
935.148	n/a	NonTarget	1	233787
935.32	n/a	Target	2	233830
935.496	n/a	NonTarget	1	233874
935.672	n/a	NonTarget	1	233918
935.848	n/a	NonTarget	1	233962
936.02	n/a	NonTarget	1	234005
936.196	n/a	NonTarget	1	234049
936.372	n/a	Target	2	234093
936.548	n/a	NonTarget	1	234137
936.72	n/a	NonTarget	1	234180
936.896	n/a	Target	2	234224
937.072	n/a	NonTarget	1	234268
937.248	n/a	NonTarget	1	234312
937.424	n/a	NonTarget	1	234356
937.596	n/a	NonTarget	1	234399
937.78	n/a	Target	2	234445
937.948	n/a	NonTarget	1	234487
938.12	n/a	NonTarget	1	234530
938.3	n/a	NonTarget	1	234575
938.472	n/a	NonTarget	1	234618
938.648	n/a	NonTarget	1	234662
938.824	n/a	NonTarget	1	234706
938.996	n/a	NonTarget	1	234749
939.172	n/a	NonTarget	1	234793
939.348	n/a	Target	2	234837
939.524	n/a	NonTarget	1	234881
939.696	n/a	NonTarget	1	234924
939.872	n/a	NonTarget	1	234968
940.048	n/a	NonTarget	1	235012
940.22	n/a	Target	2	235055
940.396	n/a	NonTarget	1	235099
940.572	n/a	NonTarget	1	235143
940.748	n/a	NonTarget	1	235187
940.92	n/a	NonTarget	1	235230
941.096	n/a	Target	2	235274
941.272	n/a	NonTarget	1	235318
941.448	n/a	NonTarget	1	235362
941.624	n/a	NonTarget	1	235406
941.796	n/a	NonTarget	1	235449
941.972	n/a	NonTarget	1	235493
942.148	n/a	Target	2	235537
942.32	n/a	NonTarget	1	235580
942.496	n/a	NonTarget	1	235624
942.672	n/a	NonTarget	1	235668
942.856	n/a	NonTarget	1	235714
943.024	n/a	NonTarget	1	235756
943.196	n/a	Target	2	235799
943.372	n/a	NonTarget	1	235843
943.548	n/a	NonTarget	1	235887
943.724	n/a	NonTarget	1	235931
943.896	n/a	NonTarget	1	235974
944.072	n/a	NonTarget	1	236018
944.248	n/a	NonTarget	1	236062
944.42	n/a	NonTarget	1	236105
944.596	n/a	Target	2	236149
944.772	n/a	NonTarget	1	236193
944.948	n/a	NonTarget	1	236237
945.124	n/a	Target	2	236281
945.296	n/a	NonTarget	1	236324
945.472	n/a	NonTarget	1	236368
945.648	n/a	NonTarget	1	236412
945.82	n/a	NonTarget	1	236455
945.996	n/a	NonTarget	1	236499
962.104	n/a	NonTarget	1	240526
962.28	n/a	NonTarget	1	240570
962.456	n/a	NonTarget	1	240614
962.628	n/a	NonTarget	1	240657
962.804	n/a	NonTarget	1	240701
962.98	n/a	Target	2	240745
963.156	n/a	NonTarget	1	240789
963.328	n/a	NonTarget	1	240832
963.504	n/a	NonTarget	1	240876
963.68	n/a	Target	2	240920
963.856	n/a	NonTarget	1	240964
964.028	n/a	NonTarget	1	241007
964.204	n/a	NonTarget	1	241051
964.38	n/a	NonTarget	1	241095
964.556	n/a	NonTarget	1	241139
964.728	n/a	Target	2	241182
964.904	n/a	NonTarget	1	241226
965.08	n/a	NonTarget	1	241270
965.256	n/a	NonTarget	1	241314
965.432	n/a	NonTarget	1	241358
965.604	n/a	NonTarget	1	241401
965.78	n/a	Target	2	241445
965.952	n/a	NonTarget	1	241488
966.128	n/a	NonTarget	1	241532
966.304	n/a	NonTarget	1	241576
966.48	n/a	NonTarget	1	241620
966.652	n/a	NonTarget	1	241663
966.828	n/a	NonTarget	1	241707
967.004	n/a	Target	2	241751
967.18	n/a	NonTarget	1	241795
967.352	n/a	NonTarget	1	241838
967.528	n/a	Target	2	241882
967.704	n/a	NonTarget	1	241926
967.88	n/a	NonTarget	1	241970
968.052	n/a	NonTarget	1	242013
968.244	n/a	NonTarget	1	242061
968.404	n/a	Target	2	242101
968.58	n/a	NonTarget	1	242145
968.756	n/a	NonTarget	1	242189
968.928	n/a	NonTarget	1	242232
969.104	n/a	NonTarget	1	242276
969.28	n/a	NonTarget	1	242320
969.456	n/a	Target	2	242364
969.628	n/a	NonTarget	1	242407
969.804	n/a	NonTarget	1	242451
969.98	n/a	NonTarget	1	242495
970.156	n/a	NonTarget	1	242539
970.332	n/a	NonTarget	1	242583
970.504	n/a	NonTarget	1	242626
970.696	n/a	Target	2	242674
970.856	n/a	NonTarget	1	242714
971.028	n/a	NonTarget	1	242757
971.204	n/a	NonTarget	1	242801
971.38	n/a	NonTarget	1	242845
971.556	n/a	NonTarget	1	242889
971.728	n/a	NonTarget	1	242932
971.904	n/a	Target	2	242976
972.084	n/a	NonTarget	1	243021
972.256	n/a	NonTarget	1	243064
972.428	n/a	NonTarget	1	243107
972.604	n/a	NonTarget	1	243151
972.78	n/a	NonTarget	1	243195
972.956	n/a	NonTarget	1	243239
973.132	n/a	NonTarget	1	243283
973.304	n/a	Target	2	243326
973.48	n/a	NonTarget	1	243370
973.656	n/a	NonTarget	1	243414
973.828	n/a	NonTarget	1	243457
974.004	n/a	NonTarget	1	243501
974.192	n/a	NonTarget	1	243548
974.356	n/a	Target	2	243589
974.528	n/a	NonTarget	1	243632
974.704	n/a	NonTarget	1	243676
974.88	n/a	NonTarget	1	243720
975.06	n/a	NonTarget	1	243765
975.228	n/a	Target	2	243807
975.404	n/a	NonTarget	1	243851
975.58	n/a	NonTarget	1	243895
975.756	n/a	Target	2	243939
975.928	n/a	NonTarget	1	243982
976.104	n/a	NonTarget	1	244026
976.28	n/a	NonTarget	1	244070
976.456	n/a	NonTarget	1	244114
976.632	n/a	NonTarget	1	244158
976.816	n/a	NonTarget	1	244204
976.98	n/a	NonTarget	1	244245
977.156	n/a	NonTarget	1	244289
977.328	n/a	Target	2	244332
977.504	n/a	NonTarget	1	244376
977.68	n/a	NonTarget	1	244420
998.792	n/a	Target	2	249698
998.968	n/a	NonTarget	1	249742
999.144	n/a	NonTarget	1	249786
999.32	n/a	NonTarget	1	249830
999.496	n/a	NonTarget	1	249874
999.668	n/a	NonTarget	1	249917
999.844	n/a	Target	2	249961
1000.02	n/a	NonTarget	1	250005
1000.196	n/a	NonTarget	1	250049
1000.368	n/a	NonTarget	1	250092
1000.544	n/a	NonTarget	1	250136
1000.728	n/a	NonTarget	1	250182
1000.9	n/a	Target	2	250225
1001.068	n/a	NonTarget	1	250267
1001.256	n/a	NonTarget	1	250314
1001.42	n/a	NonTarget	1	250355
1001.592	n/a	NonTarget	1	250398
1001.768	n/a	NonTarget	1	250442
1001.956	n/a	NonTarget	1	250489
1002.12	n/a	NonTarget	1	250530
1002.296	n/a	NonTarget	1	250574
1002.472	n/a	NonTarget	1	250618
1002.644	n/a	NonTarget	1	250661
1002.824	n/a	Target	2	250706
1002.992	n/a	NonTarget	1	250748
1003.168	n/a	NonTarget	1	250792
1003.344	n/a	NonTarget	1	250836
1003.52	n/a	NonTarget	1	250880
1003.696	n/a	Target	2	250924
1003.868	n/a	NonTarget	1	250967
1004.044	n/a	NonTarget	1	251011
1004.22	n/a	NonTarget	1	251055
1004.396	n/a	NonTarget	1	251099
1004.568	n/a	Target	2	251142
1004.744	n/a	NonTarget	1	251186
1004.92	n/a	NonTarget	1	251230
1005.096	n/a	NonTarget	1	251274
1005.268	n/a	NonTarget	1	251317
1005.444	n/a	Target	2	251361
1005.62	n/a	NonTarget	1	251405
1005.8	n/a	NonTarget	1	251450
1005.968	n/a	NonTarget	1	251492
1006.148	n/a	Target	2	251537
1006.32	n/a	NonTarget	1	251580
1006.492	n/a	NonTarget	1	251623
1006.672	n/a	NonTarget	1	251668
1006.844	n/a	NonTarget	1	251711
1007.02	n/a	NonTarget	1	251755
1007.196	n/a	NonTarget	1	251799
1007.368	n/a	NonTarget	1	251842
1007.544	n/a	Target	2	251886
1007.72	n/a	NonTarget	1	251930
1007.896	n/a	NonTarget	1	251974
1008.068	n/a	NonTarget	1	252017
1008.244	n/a	NonTarget	1	252061
1008.424	n/a	Target	2	252106
1008.596	n/a	NonTarget	1	252149
1008.772	n/a	NonTarget	1	252193
1008.944	n/a	NonTarget	1	252236
1009.12	n/a	NonTarget	1	252280
1009.292	n/a	Target	2	252323
1009.472	n/a	NonTarget	1	252368
1009.644	n/a	NonTarget	1	252411
1009.82	n/a	NonTarget	1	252455
1009.992	n/a	NonTarget	1	252498
1010.168	n/a	NonTarget	1	252542
1010.344	n/a	NonTarget	1	252586
1010.52	n/a	NonTarget	1	252630
1010.692	n/a	NonTarget	1	252673
1010.868	n/a	NonTarget	1	252717
1011.044	n/a	Target	2	252761
1011.22	n/a	NonTarget	1	252805
1011.396	n/a	NonTarget	1	252849
1011.568	n/a	Target	2	252892
1011.744	n/a	NonTarget	1	252936
1011.92	n/a	NonTarget	1	252980
1012.096	n/a	NonTarget	1	253024
1012.268	n/a	NonTarget	1	253067
1012.444	n/a	NonTarget	1	253111
1012.62	n/a	NonTarget	1	253155
1012.8	n/a	NonTarget	1	253200
1012.968	n/a	Target	2	253242
1013.148	n/a	NonTarget	1	253287
1013.32	n/a	NonTarget	1	253330
1013.492	n/a	NonTarget	1	253373
1013.668	n/a	NonTarget	1	253417
1013.844	n/a	NonTarget	1	253461
1014.02	n/a	NonTarget	1	253505
1014.192	n/a	Target	2	253548
1014.368	n/a	NonTarget	1	253592
1030.444	n/a	NonTarget	1	257611
1030.62	n/a	NonTarget	1	257655
1030.796	n/a	NonTarget	1	257699
1030.972	n/a	NonTarget	1	257743
1031.144	n/a	Target	2	257786
1031.328	n/a	NonTarget	1	257832
1031.496	n/a	NonTarget	1	257874
1031.668	n/a	Target	2	257917
1031.852	n/a	NonTarget	1	257963
1032.02	n/a	NonTarget	1	258005
1032.196	n/a	NonTarget	1	258049
1032.368	n/a	NonTarget	1	258092
1032.544	n/a	Target	2	258136
1032.72	n/a	NonTarget	1	258180
1032.896	n/a	NonTarget	1	258224
1033.068	n/a	NonTarget	1	258267
1033.244	n/a	NonTarget	1	258311
1033.42	n/a	NonTarget	1	258355
1033.604	n/a	NonTarget	1	258401
1033.768	n/a	NonTarget	1	258442
1033.944	n/a	NonTarget	1	258486
1034.124	n/a	Target	2	258531
1034.3	n/a	NonTarget	1	258575
1034.468	n/a	NonTarget	1	258617
1034.644	n/a	NonTarget	1	258661
1034.832	n/a	NonTarget	1	258708
1034.996	n/a	Target	2	258749
1035.168	n/a	NonTarget	1	258792
1035.344	n/a	NonTarget	1	258836
1035.52	n/a	NonTarget	1	258880
1035.696	n/a	NonTarget	1	258924
1035.868	n/a	Target	2	258967
1036.044	n/a	NonTarget	1	259011
1036.22	n/a	NonTarget	1	259055
1036.396	n/a	NonTarget	1	259099
1036.568	n/a	NonTarget	1	259142
1036.744	n/a	NonTarget	1	259186
1036.92	n/a	Target	2	259230
1037.092	n/a	NonTarget	1	259273
1037.268	n/a	NonTarget	1	259317
1037.444	n/a	NonTarget	1	259361
1037.62	n/a	NonTarget	1	259405
1037.796	n/a	NonTarget	1	259449
1037.968	n/a	Target	2	259492
1038.144	n/a	NonTarget	1	259536
1038.32	n/a	NonTarget	1	259580
1038.496	n/a	NonTarget	1	259624
1038.668	n/a	NonTarget	1	259667
1038.848	n/a	NonTarget	1	259712
1039.02	n/a	NonTarget	1	259755
1039.204	n/a	NonTarget	1	259801
1039.368	n/a	Target	2	259842
1039.544	n/a	NonTarget	1	259886
1039.72	n/a	NonTarget	1	259930
1039.896	n/a	Target	2	259974
1040.068	n/a	NonTarget	1	260017
1040.248	n/a	NonTarget	1	260062
1040.42	n/a	NonTarget	1	260105
1040.596	n/a	NonTarget	1	260149
1040.768	n/a	NonTarget	1	260192
1040.944	n/a	NonTarget	1	260236
1041.12	n/a	NonTarget	1	260280
1041.296	n/a	NonTarget	1	260324
1041.472	n/a	NonTarget	1	260368
1041.644	n/a	NonTarget	1	260411
1041.82	n/a	Target	2	260455
1041.996	n/a	NonTarget	1	260499
1042.18	n/a	NonTarget	1	260545
1042.344	n/a	NonTarget	1	260586
1042.52	n/a	Target	2	260630
1042.696	n/a	NonTarget	1	260674
1042.868	n/a	NonTarget	1	260717
1043.044	n/a	NonTarget	1	260761
1043.22	n/a	NonTarget	1	260805
1043.396	n/a	NonTarget	1	260849
1043.568	n/a	Target	2	260892
1043.744	n/a	NonTarget	1	260936
1043.92	n/a	NonTarget	1	260980
1044.096	n/a	NonTarget	1	261024
1044.268	n/a	NonTarget	1	261067
1044.444	n/a	NonTarget	1	261111
1044.62	n/a	Target	2	261155
1044.796	n/a	NonTarget	1	261199
1044.968	n/a	NonTarget	1	261242
1045.148	n/a	NonTarget	1	261287
1045.32	n/a	NonTarget	1	261330
1045.496	n/a	NonTarget	1	261374
1045.668	n/a	NonTarget	1	261417
1045.844	n/a	Target	2	261461
1046.02	n/a	NonTarget	1	261505
1067.42	n/a	NonTarget	1	266855
1067.596	n/a	Target	2	266899
1067.772	n/a	NonTarget	1	266943
1067.948	n/a	NonTarget	1	266987
1068.12	n/a	NonTarget	1	267030
1068.296	n/a	NonTarget	1	267074
1068.472	n/a	Target	2	267118
1068.648	n/a	NonTarget	1	267162
1068.82	n/a	NonTarget	1	267205
1068.996	n/a	NonTarget	1	267249
1069.172	n/a	NonTarget	1	267293
1069.348	n/a	NonTarget	1	267337
1069.52	n/a	Target	2	267380
1069.696	n/a	NonTarget	1	267424
1069.872	n/a	NonTarget	1	267468
1070.048	n/a	NonTarget	1	267512
1070.236	n/a	NonTarget	1	267559
1070.396	n/a	NonTarget	1	267599
1070.572	n/a	NonTarget	1	267643
1070.756	n/a	Target	2	267689
1070.92	n/a	NonTarget	1	267730
1071.096	n/a	NonTarget	1	267774
1071.272	n/a	NonTarget	1	267818
1071.444	n/a	NonTarget	1	267861
1071.62	n/a	NonTarget	1	267905
1071.796	n/a	NonTarget	1	267949
1071.984	n/a	Target	2	267996
1072.152	n/a	NonTarget	1	268038
1072.32	n/a	NonTarget	1	268080
1072.496	n/a	NonTarget	1	268124
1072.676	n/a	NonTarget	1	268169
1072.848	n/a	NonTarget	1	268212
1073.02	n/a	NonTarget	1	268255
1073.196	n/a	NonTarget	1	268299
1073.372	n/a	Target	2	268343
1073.548	n/a	NonTarget	1	268387
1073.724	n/a	NonTarget	1	268431
1073.896	n/a	NonTarget	1	268474
1074.072	n/a	NonTarget	1	268518
1074.248	n/a	NonTarget	1	268562
1074.424	n/a	Target	2	268606
1074.6	n/a	NonTarget	1	268650
1074.772	n/a	NonTarget	1	268693
1074.948	n/a	NonTarget	1	268737
1075.12	n/a	NonTarget	1	268780
1075.296	n/a	Target	2	268824
1075.472	n/a	NonTarget	1	268868
1075.648	n/a	NonTarget	1	268912
1075.82	n/a	Target	2	268955
1075.996	n/a	NonTarget	1	268999
1076.176	n/a	NonTarget	1	269044
1076.348	n/a	NonTarget	1	269087
1076.532	n/a	NonTarget	1	269133
1076.696	n/a	NonTarget	1	269174
1076.88	n/a	NonTarget	1	269220
1077.048	n/a	NonTarget	1	269262
1077.22	n/a	NonTarget	1	269305
1077.396	n/a	Target	2	269349
1077.572	n/a	NonTarget	1	269393
1077.748	n/a	NonTarget	1	269437
1077.92	n/a	Target	2	269480
1078.096	n/a	NonTarget	1	269524
1078.272	n/a	NonTarget	1	269568
1078.448	n/a	NonTarget	1	269612
1078.62	n/a	NonTarget	1	269655
1078.796	n/a	NonTarget	1	269699
1078.972	n/a	Target	2	269743
1079.144	n/a	NonTarget	1	269786
1079.32	n/a	NonTarget	1	269830
1079.496	n/a	NonTarget	1	269874
1079.672	n/a	NonTarget	1	269918
1079.844	n/a	NonTarget	1	269961
1080.028	n/a	Target	2	270007
1080.196	n/a	NonTarget	1	270049
1080.372	n/a	NonTarget	1	270093
1080.544	n/a	NonTarget	1	270136
1080.72	n/a	NonTarget	1	270180
1080.896	n/a	NonTarget	1	270224
1081.072	n/a	NonTarget	1	270268
1081.244	n/a	NonTarget	1	270311
1081.42	n/a	NonTarget	1	270355
1081.596	n/a	NonTarget	1	270399
1081.772	n/a	NonTarget	1	270443
1081.944	n/a	Target	2	270486
1082.12	n/a	NonTarget	1	270530
1082.296	n/a	NonTarget	1	270574
1082.472	n/a	NonTarget	1	270618
1082.648	n/a	NonTarget	1	270662
1082.82	n/a	Target	2	270705
1082.996	n/a	NonTarget	1	270749
1098.104	n/a	NonTarget	1	274526
1098.276	n/a	NonTarget	1	274569
1098.452	n/a	NonTarget	1	274613
1098.632	n/a	Target	2	274658
1098.804	n/a	NonTarget	1	274701
1098.976	n/a	NonTarget	1	274744
1099.152	n/a	NonTarget	1	274788
1099.328	n/a	NonTarget	1	274832
1099.504	n/a	Target	2	274876
1099.676	n/a	NonTarget	1	274919
1099.852	n/a	NonTarget	1	274963
1100.028	n/a	NonTarget	1	275007
1100.204	n/a	Target	2	275051
1100.376	n/a	NonTarget	1	275094
1100.552	n/a	NonTarget	1	275138
1100.728	n/a	NonTarget	1	275182
1100.904	n/a	NonTarget	1	275226
1101.076	n/a	NonTarget	1	275269
1101.256	n/a	NonTarget	1	275314
1101.428	n/a	NonTarget	1	275357
1101.604	n/a	Target	2	275401
1101.776	n/a	NonTarget	1	275444
1101.952	n/a	NonTarget	1	275488
1102.128	n/a	NonTarget	1	275532
1102.304	n/a	NonTarget	1	275576
1102.48	n/a	Target	2	275620
1102.652	n/a	NonTarget	1	275663
1102.828	n/a	NonTarget	1	275707
1103.004	n/a	NonTarget	1	275751
1103.176	n/a	NonTarget	1	275794
1103.372	n/a	Target	2	275843
1103.532	n/a	NonTarget	1	275883
1103.704	n/a	NonTarget	1	275926
1103.88	n/a	NonTarget	1	275970
1104.052	n/a	NonTarget	1	276013
1104.228	n/a	NonTarget	1	276057
1104.404	n/a	NonTarget	1	276101
1104.576	n/a	NonTarget	1	276144
1104.752	n/a	NonTarget	1	276188
1104.928	n/a	NonTarget	1	276232
1105.104	n/a	Target	2	276276
1105.276	n/a	NonTarget	1	276319
1105.452	n/a	NonTarget	1	276363
1105.628	n/a	Target	2	276407
1105.804	n/a	NonTarget	1	276451
1105.976	n/a	NonTarget	1	276494
1106.16	n/a	NonTarget	1	276540
1106.328	n/a	NonTarget	1	276582
1106.516	n/a	NonTarget	1	276629
1106.676	n/a	NonTarget	1	276669
1106.864	n/a	NonTarget	1	276716
1107.036	n/a	Target	2	276759
1107.204	n/a	NonTarget	1	276801
1107.376	n/a	NonTarget	1	276844
1107.552	n/a	NonTarget	1	276888
1107.728	n/a	NonTarget	1	276932
1107.904	n/a	NonTarget	1	276976
1108.076	n/a	NonTarget	1	277019
1108.252	n/a	Target	2	277063
1108.428	n/a	NonTarget	1	277107
1108.604	n/a	NonTarget	1	277151
1108.776	n/a	NonTarget	1	277194
1108.956	n/a	NonTarget	1	277239
1109.128	n/a	NonTarget	1	277282
1109.304	n/a	Target	2	277326
1109.488	n/a	NonTarget	1	277372
1109.652	n/a	NonTarget	1	277413
1109.828	n/a	Target	2	277457
1110.004	n/a	NonTarget	1	277501
1110.176	n/a	NonTarget	1	277544
1110.352	n/a	NonTarget	1	277588
1110.528	n/a	NonTarget	1	277632
1110.704	n/a	Target	2	277676
1110.876	n/a	NonTarget	1	277719
1111.056	n/a	NonTarget	1	277764
1111.228	n/a	NonTarget	1	277807
1111.412	n/a	NonTarget	1	277853
1111.576	n/a	NonTarget	1	277894
1111.752	n/a	NonTarget	1	277938
1111.928	n/a	NonTarget	1	277982
1112.104	n/a	NonTarget	1	278026
1112.284	n/a	Target	2	278071
1112.456	n/a	NonTarget	1	278114
1112.628	n/a	NonTarget	1	278157
1112.804	n/a	NonTarget	1	278201
1112.976	n/a	NonTarget	1	278244
1113.152	n/a	Target	2	278288
1113.332	n/a	NonTarget	1	278333
1113.504	n/a	NonTarget	1	278376
1113.676	n/a	NonTarget	1	278419
1135.032	n/a	NonTarget	1	283758
1135.208	n/a	Target	2	283802
1135.388	n/a	NonTarget	1	283847
1135.556	n/a	NonTarget	1	283889
1135.732	n/a	NonTarget	1	283933
1135.912	n/a	NonTarget	1	283978
1136.08	n/a	NonTarget	1	284020
1136.256	n/a	Target	2	284064
1136.432	n/a	NonTarget	1	284108
1136.608	n/a	NonTarget	1	284152
1136.784	n/a	NonTarget	1	284196
1136.956	n/a	NonTarget	1	284239
1137.132	n/a	NonTarget	1	284283
1137.308	n/a	Target	2	284327
1137.48	n/a	NonTarget	1	284370
1137.668	n/a	NonTarget	1	284417
1137.832	n/a	NonTarget	1	284458
1138.004	n/a	NonTarget	1	284501
1138.18	n/a	NonTarget	1	284545
1138.356	n/a	NonTarget	1	284589
1138.532	n/a	NonTarget	1	284633
1138.708	n/a	Target	2	284677
1138.88	n/a	NonTarget	1	284720
1139.056	n/a	NonTarget	1	284764
1139.232	n/a	Target	2	284808
1139.408	n/a	NonTarget	1	284852
1139.58	n/a	NonTarget	1	284895
1139.756	n/a	NonTarget	1	284939
1139.932	n/a	NonTarget	1	284983
1140.108	n/a	NonTarget	1	285027
1140.28	n/a	NonTarget	1	285070
1140.456	n/a	NonTarget	1	285114
1140.632	n/a	NonTarget	1	285158
1140.808	n/a	NonTarget	1	285202
1140.98	n/a	NonTarget	1	285245
1141.156	n/a	Target	2	285289
1141.332	n/a	NonTarget	1	285333
1141.508	n/a	NonTarget	1	285377
1141.68	n/a	NonTarget	1	285420
1141.856	n/a	Target	2	285464
1142.032	n/a	NonTarget	1	285508
1142.208	n/a	NonTarget	1	285552
1142.384	n/a	NonTarget	1	285596
1142.556	n/a	NonTarget	1	285639
1142.732	n/a	NonTarget	1	285683
1142.908	n/a	Target	2	285727
1143.08	n/a	NonTarget	1	285770
1143.268	n/a	NonTarget	1	285817
1143.432	n/a	NonTarget	1	285858
1143.608	n/a	NonTarget	1	285902
1143.784	n/a	NonTarget	1	285946
1143.956	n/a	Target	2	285989
1144.144	n/a	NonTarget	1	286036
1144.312	n/a	NonTarget	1	286078
1144.48	n/a	NonTarget	1	286120
1144.668	n/a	NonTarget	1	286167
1144.832	n/a	NonTarget	1	286208
1145.008	n/a	NonTarget	1	286252
1145.18	n/a	Target	2	286295
1145.356	n/a	NonTarget	1	286339
1145.532	n/a	NonTarget	1	286383
1145.708	n/a	Target	2	286427
1145.88	n/a	NonTarget	1	286470
1146.056	n/a	NonTarget	1	286514
1146.232	n/a	NonTarget	1	286558
1146.408	n/a	NonTarget	1	286602
1146.584	n/a	Target	2	286646
1146.756	n/a	NonTarget	1	286689
1146.932	n/a	NonTarget	1	286733
1147.108	n/a	NonTarget	1	286777
1147.284	n/a	NonTarget	1	286821
1147.456	n/a	NonTarget	1	286864
1147.632	n/a	Target	2	286908
1147.808	n/a	NonTarget	1	286952
1147.98	n/a	NonTarget	1	286995
1148.156	n/a	NonTarget	1	287039
1148.332	n/a	NonTarget	1	287083
1148.508	n/a	NonTarget	1	287127
1148.68	n/a	NonTarget	1	287170
1148.856	n/a	Target	2	287214
1149.032	n/a	NonTarget	1	287258
1149.208	n/a	NonTarget	1	287302
1149.38	n/a	NonTarget	1	287345
1149.556	n/a	NonTarget	1	287389
1149.736	n/a	NonTarget	1	287434
1149.908	n/a	NonTarget	1	287477
1150.08	n/a	Target	2	287520
1150.264	n/a	NonTarget	1	287566
1150.432	n/a	NonTarget	1	287608
1150.608	n/a	NonTarget	1	287652
